CREATE SCHEMA ksiegarnia_internetowa;

CREATE SEQUENCE ksiegarnia_internetowa.adresy_id_seq START WITH 1;

CREATE SEQUENCE ksiegarnia_internetowa.autorzy_id_seq START WITH 1;

CREATE SEQUENCE ksiegarnia_internetowa.autorzy_ksiazki_id_seq START WITH 1;

CREATE SEQUENCE ksiegarnia_internetowa.formaty_id_seq START WITH 1;

CREATE SEQUENCE ksiegarnia_internetowa.gatunki_id_seq START WITH 1;

CREATE SEQUENCE ksiegarnia_internetowa.klienci_id_seq START WITH 1;

CREATE SEQUENCE ksiegarnia_internetowa.wydawnictwa_id_seq START WITH 1;

CREATE TABLE ksiegarnia_internetowa.autorzy ( 
	id                   integer  NOT NULL GENERATED BY DEFAULT AS IDENTITY,
	imie                 varchar(30)  NOT NULL ,
	nazwisko             varchar(30)  NOT NULL ,
	CONSTRAINT pk_autorzy_id PRIMARY KEY ( id )
 );

CREATE TABLE ksiegarnia_internetowa.formaty ( 
	id                   integer  NOT NULL GENERATED BY DEFAULT AS IDENTITY,
	nazwa                varchar(50)  NOT NULL ,
	CONSTRAINT pk_formaty_id PRIMARY KEY ( id ),
	CONSTRAINT format_unique UNIQUE ( nazwa ) 
 );

CREATE TABLE ksiegarnia_internetowa.gatunki ( 
	id                   integer  NOT NULL GENERATED BY DEFAULT AS IDENTITY,
	nazwa                varchar(50)  NOT NULL ,
	CONSTRAINT pk_gatunki_id PRIMARY KEY ( id ),
	CONSTRAINT gatunek_nazwa_unique UNIQUE ( nazwa ) 
 );

CREATE TABLE ksiegarnia_internetowa.miasta ( 
	miasto               varchar(30)  NOT NULL ,
	poczta               varchar(30)  NOT NULL ,
	CONSTRAINT pk_miasta_miasto PRIMARY KEY ( miasto ),
	CONSTRAINT unq_miasta_poczta UNIQUE ( poczta ) 
 );

CREATE TABLE ksiegarnia_internetowa.wydawnictwa ( 
	id                   integer  NOT NULL GENERATED BY DEFAULT AS IDENTITY,
	nazwa                varchar(50)  NOT NULL ,
	CONSTRAINT pk_wydawnictwa_id PRIMARY KEY ( id ),
	CONSTRAINT nazwa_unique UNIQUE ( nazwa ) 
 );

CREATE TABLE ksiegarnia_internetowa.kody_pocztowe ( 
	kod_pocztowy         char(6)  NOT NULL ,
	poczta               varchar(30)  NOT NULL ,
	CONSTRAINT pk_kody_pocztowe_kod_pocztowy PRIMARY KEY ( kod_pocztowy )
 );

ALTER TABLE ksiegarnia_internetowa.kody_pocztowe ADD CONSTRAINT cns_kody_pocztowe CHECK ( kod_pocztowy ~ '^\d{2}\-\d{3}' );

CREATE INDEX idx_kody_pocztowe_poczta ON ksiegarnia_internetowa.kody_pocztowe ( poczta );

CREATE TABLE ksiegarnia_internetowa.ksiazki ( 
	isbn                 char(10)  NOT NULL ,
	tytul                varchar(100)  NOT NULL ,
	wydawnictwo          integer  NOT NULL ,
	rocznik              integer  NOT NULL ,
	wydanie              integer  NOT NULL ,
	CONSTRAINT pk_ksiazki_isbn PRIMARY KEY ( isbn ),
	CONSTRAINT tytul_unique UNIQUE ( tytul ) 
 );

CREATE INDEX idx_ksiazki_wydawnictwo ON ksiegarnia_internetowa.ksiazki ( wydawnictwo );

CREATE TABLE ksiegarnia_internetowa.adresy ( 
	id                   integer  NOT NULL GENERATED BY DEFAULT AS IDENTITY,
	ulica                varchar(30)   ,
	miasto               varchar(30)  NOT NULL ,
	kod_pocztowy         char(6)  NOT NULL ,
	numer_domu           integer  NOT NULL ,
	numer_mieszkania     integer   ,
	CONSTRAINT pk_adresy_id PRIMARY KEY ( id )
 );

ALTER TABLE ksiegarnia_internetowa.adresy ADD CONSTRAINT kod_pocz CHECK ( kod_pocztowy ~ '^\d{2}\-\d{3}'::text );

CREATE INDEX idx_adresy_miasto ON ksiegarnia_internetowa.adresy ( miasto );

CREATE INDEX idx_adresy_kod_pocztowy ON ksiegarnia_internetowa.adresy ( kod_pocztowy );

CREATE TABLE ksiegarnia_internetowa.autorzy_ksiazek ( 
	id_ksiazki           char(10)  NOT NULL ,
	id_autora            integer  NOT NULL ,
	CONSTRAINT _2 UNIQUE ( id_ksiazki, id_autora ) 
 );

CREATE INDEX idx_table_id_ksiazki ON ksiegarnia_internetowa.autorzy_ksiazek ( id_ksiazki );

CREATE INDEX idx_table_id_autora ON ksiegarnia_internetowa.autorzy_ksiazek ( id_autora );

CREATE TABLE ksiegarnia_internetowa.formaty_ksiazek ( 
	id_ksiazki           char(10)  NOT NULL ,
	id_formatu           integer  NOT NULL ,
	cena                 integer  NOT NULL ,
	ilosc_sztuk          integer  NOT NULL ,
	CONSTRAINT _0 UNIQUE ( id_ksiazki, id_formatu ) 
 );

CREATE INDEX idx_formaty_ksiazek_id_ksiazki ON ksiegarnia_internetowa.formaty_ksiazek ( id_ksiazki );

CREATE TABLE ksiegarnia_internetowa.gatunki_ksiazek ( 
	id_ksiazki           char(10)  NOT NULL ,
	id_gatunku           integer  NOT NULL ,
	CONSTRAINT _1 UNIQUE ( id_ksiazki, id_gatunku ) 
 );

CREATE INDEX idx_gatunki_ksiazek_id_ksiazki ON ksiegarnia_internetowa.gatunki_ksiazek ( id_ksiazki );

CREATE TABLE ksiegarnia_internetowa.klienci ( 
	id                   integer  NOT NULL GENERATED BY DEFAULT AS IDENTITY,
	login                varchar(20)  NOT NULL ,
	haslo                integer  NOT NULL ,
	adres                integer  NOT NULL ,
	email                varchar(30)  NOT NULL ,
	nr_telefonu          char(15)  NOT NULL ,
	CONSTRAINT pk_klienci_id PRIMARY KEY ( id )
 );

CREATE INDEX idx_klienci_adres ON ksiegarnia_internetowa.klienci ( adres );

CREATE TABLE ksiegarnia_internetowa.zamowienia ( 
	id_zamowienia        integer  NOT NULL ,
	id_klienta           integer  NOT NULL ,
	"data"               date  NOT NULL ,
	id_ksiazki           char(10)  NOT NULL ,
	ilosc                integer  NOT NULL ,
	adres_dostawy        integer  NOT NULL ,
	id_formatu           integer  NOT NULL 
 );

CREATE INDEX idx_zamowienia_id_ksiazki ON ksiegarnia_internetowa.zamowienia ( id_ksiazki );

CREATE INDEX idx_zamowienia_id_klienta ON ksiegarnia_internetowa.zamowienia ( id_klienta );

CREATE INDEX idx_zamowienia_adres_dostawy ON ksiegarnia_internetowa.zamowienia ( adres_dostawy );

CREATE INDEX idx_zamowienia_id_formatu ON ksiegarnia_internetowa.zamowienia ( id_formatu );

CREATE OR REPLACE FUNCTION ksiegarnia_internetowa.isbn_check()
 RETURNS trigger
 LANGUAGE plpgsql
AS $function$
declare
wyn int;
id numeric;
begin
id = new.isbn;
for i in 1..10 loop
wyn = wyn + (id%10)*i;
id = id/10;
end loop;
if wyn%11 != 0 then raise exception 'Zly numer isbn'; end if;
return new;
end;
$function$;

CREATE OR REPLACE FUNCTION ksiegarnia_internetowa.kod_check()
 RETURNS trigger
 LANGUAGE plpgsql
AS $function$
begin
if new.miasto in (select m.miasto from kody_pocztowe k
join miasta m using(poczta)  where new.kod_pocztowy=k.kod_pocztowy)
then
return new;
end if;
raise exception 'Zly kod pocztowy';
end;
$function$;

CREATE OR REPLACE FUNCTION ksiegarnia_internetowa.nowe_zamowienie()
 RETURNS trigger
 LANGUAGE plpgsql
AS $function$
begin
if (select ilosc_sztuk from formaty_ksiazek f where f.id_ksiazki = new.id_ksiazki and f.id_formatu = new.id_formatu) is null
or (select ilosc_sztuk from formaty_ksiazek f where f.id_ksiazki = new.id_ksiazki and f.id_formatu = new.id_formatu) < new.ilosc
then raise exception 'Zly tytul lub format ksiazki';
end if;
UPDATE formaty_ksiazek f SET ilosc_sztuk = ilosc_sztuk-new.ilosc where f.id_ksiazki = new.id_ksiazki and f.id_formatu = new.id_formatu;
return new;
end;
$function$;

CREATE OR REPLACE FUNCTION ksiegarnia_internetowa.update_zamowienie()
 RETURNS trigger
 LANGUAGE plpgsql
AS $function$
begin
if (select ilosc_sztuk from formaty_ksiazek f where f.id_ksiazki = new.id_ksiazki and f.id_formatu = new.id_formatu) is null
or (select ilosc_sztuk from formaty_ksiazek f where f.id_ksiazki = new.id_ksiazki and f.id_formatu = new.id_formatu) + old.ilosc < new.ilosc
then raise exception 'Zly tytul lub format ksiazki';
end if;
UPDATE formaty_ksiazek f SET ilosc_sztuk = ilosc_sztuk+old.ilosc-new.ilosc where f.id_ksiazki = new.id_ksiazki and f.id_formatu = new.id_formatu;
return new;
end;
$function$;


ALTER TABLE ksiegarnia_internetowa.adresy ADD CONSTRAINT fk_adresy_miasta FOREIGN KEY ( miasto ) REFERENCES ksiegarnia_internetowa.miasta( miasto );

ALTER TABLE ksiegarnia_internetowa.adresy ADD CONSTRAINT fk_adresy_kody_pocztowe FOREIGN KEY ( kod_pocztowy ) REFERENCES ksiegarnia_internetowa.kody_pocztowe( kod_pocztowy );

ALTER TABLE ksiegarnia_internetowa.autorzy_ksiazek ADD CONSTRAINT fk_table_ksiazki FOREIGN KEY ( id_ksiazki ) REFERENCES ksiegarnia_internetowa.ksiazki( isbn );

ALTER TABLE ksiegarnia_internetowa.autorzy_ksiazek ADD CONSTRAINT fk_table_autorzy FOREIGN KEY ( id_autora ) REFERENCES ksiegarnia_internetowa.autorzy( id );

ALTER TABLE ksiegarnia_internetowa.formaty_ksiazek ADD CONSTRAINT fk_formaty_ksiazek_formaty FOREIGN KEY ( id_formatu ) REFERENCES ksiegarnia_internetowa.formaty( id );

ALTER TABLE ksiegarnia_internetowa.formaty_ksiazek ADD CONSTRAINT fk_formaty_ksiazek_ksiazki FOREIGN KEY ( id_ksiazki ) REFERENCES ksiegarnia_internetowa.ksiazki( isbn );

ALTER TABLE ksiegarnia_internetowa.gatunki_ksiazek ADD CONSTRAINT fk_gatunki_ksiazek_gatunki FOREIGN KEY ( id_gatunku ) REFERENCES ksiegarnia_internetowa.gatunki( id );

ALTER TABLE ksiegarnia_internetowa.gatunki_ksiazek ADD CONSTRAINT fk_gatunki_ksiazek_ksiazki FOREIGN KEY ( id_ksiazki ) REFERENCES ksiegarnia_internetowa.ksiazki( isbn );

ALTER TABLE ksiegarnia_internetowa.klienci ADD CONSTRAINT fk_klienci_adresy FOREIGN KEY ( adres ) REFERENCES ksiegarnia_internetowa.adresy( id );

ALTER TABLE ksiegarnia_internetowa.kody_pocztowe ADD CONSTRAINT fk_kody_pocztowe_miasta FOREIGN KEY ( poczta ) REFERENCES ksiegarnia_internetowa.miasta( poczta );

ALTER TABLE ksiegarnia_internetowa.ksiazki ADD CONSTRAINT fk_ksiazki_wydawnictwa FOREIGN KEY ( wydawnictwo ) REFERENCES ksiegarnia_internetowa.wydawnictwa( id );

ALTER TABLE ksiegarnia_internetowa.zamowienia ADD CONSTRAINT fk_zamowienia_klienci FOREIGN KEY ( id_klienta ) REFERENCES ksiegarnia_internetowa.klienci( id );

ALTER TABLE ksiegarnia_internetowa.zamowienia ADD CONSTRAINT fk_zamowienia_adresy FOREIGN KEY ( adres_dostawy ) REFERENCES ksiegarnia_internetowa.adresy( id );

ALTER TABLE ksiegarnia_internetowa.zamowienia ADD CONSTRAINT fk_zamowienia_formaty FOREIGN KEY ( id_formatu ) REFERENCES ksiegarnia_internetowa.formaty( id );

ALTER TABLE ksiegarnia_internetowa.zamowienia ADD CONSTRAINT fk_zamowienia_ksiazki FOREIGN KEY ( id_ksiazki ) REFERENCES ksiegarnia_internetowa.ksiazki( isbn );

CREATE OR REPLACE FUNCTION ksiegarnia_internetowa.find_similar(book text)
  returns table(tytul varchar) as
$$
begin
  return query
  select k.tytul
  from ksiazki k
  where
    ((select array_agg(id_autora)
      from autorzy_ksiazek
      where isbn = id_ksiazki)
     && (select array_agg(id_autora)
         from autorzy_ksiazek
           join ksiazki kn
             on kn.isbn = id_ksiazki
         where book = kn.tytul)
     or (select array_agg(id_gatunku)
         from gatunki_ksiazek
         where isbn = id_ksiazki)
        && (select array_agg(id_gatunku)
            from gatunki_ksiazek
              join ksiazki kn
                on kn.isbn = id_ksiazki
            where book = kn.tytul))
    and k.tytul != book
  limit 3;
end;
$$
language plpgsql;

INSERT INTO ksiegarnia_internetowa.autorzy( id, imie, nazwisko ) VALUES ( 1, 'mariusz','szwedzki' ); 
INSERT INTO ksiegarnia_internetowa.autorzy( id, imie, nazwisko ) VALUES ( 2, 'alicia','zajac' ); 
INSERT INTO ksiegarnia_internetowa.autorzy( id, imie, nazwisko ) VALUES ( 3, 'apoloniusz','szweda' ); 
INSERT INTO ksiegarnia_internetowa.autorzy( id, imie, nazwisko ) VALUES ( 4, 'sofia','szkot' ); 
INSERT INTO ksiegarnia_internetowa.autorzy( id, imie, nazwisko ) VALUES ( 5, 'dagna','polakowski' ); 
INSERT INTO ksiegarnia_internetowa.autorzy( id, imie, nazwisko ) VALUES ( 6, 'aksel','slonzak' ); 
INSERT INTO ksiegarnia_internetowa.autorzy( id, imie, nazwisko ) VALUES ( 7, 'noe','dunczyk' ); 
INSERT INTO ksiegarnia_internetowa.autorzy( id, imie, nazwisko ) VALUES ( 8, 'timothy','kurlandt' ); 
INSERT INTO ksiegarnia_internetowa.autorzy( id, imie, nazwisko ) VALUES ( 9, 'miriam','poleszuk' ); 
INSERT INTO ksiegarnia_internetowa.autorzy( id, imie, nazwisko ) VALUES ( 10, 'roman','norwecki' ); 
INSERT INTO ksiegarnia_internetowa.autorzy( id, imie, nazwisko ) VALUES ( 11, 'renata','lotysz' ); 
INSERT INTO ksiegarnia_internetowa.autorzy( id, imie, nazwisko ) VALUES ( 12, 'gustav','koman' ); 
INSERT INTO ksiegarnia_internetowa.autorzy( id, imie, nazwisko ) VALUES ( 13, 'teofil','arabski' ); 
INSERT INTO ksiegarnia_internetowa.autorzy( id, imie, nazwisko ) VALUES ( 14, 'edmund','goral' ); 
INSERT INTO ksiegarnia_internetowa.autorzy( id, imie, nazwisko ) VALUES ( 15, 'magdalena','slowiak' ); 
INSERT INTO ksiegarnia_internetowa.autorzy( id, imie, nazwisko ) VALUES ( 16, 'olgierd','wojciechowski' ); 
INSERT INTO ksiegarnia_internetowa.autorzy( id, imie, nazwisko ) VALUES ( 17, 'janusz','walczak' ); 
INSERT INTO ksiegarnia_internetowa.autorzy( id, imie, nazwisko ) VALUES ( 18, 'henrik','romun' ); 
INSERT INTO ksiegarnia_internetowa.autorzy( id, imie, nazwisko ) VALUES ( 19, 'hiacynta','goral' ); 
INSERT INTO ksiegarnia_internetowa.autorzy( id, imie, nazwisko ) VALUES ( 20, 'gniewomir','kurlandt' ); 
INSERT INTO ksiegarnia_internetowa.autorzy( id, imie, nazwisko ) VALUES ( 21, 'zygmunt','prusek' ); 
INSERT INTO ksiegarnia_internetowa.autorzy( id, imie, nazwisko ) VALUES ( 22, 'gabriella','slazak' ); 
INSERT INTO ksiegarnia_internetowa.autorzy( id, imie, nazwisko ) VALUES ( 23, 'gleb','romun' ); 
INSERT INTO ksiegarnia_internetowa.autorzy( id, imie, nazwisko ) VALUES ( 24, 'teresa','rumunski' ); 
INSERT INTO ksiegarnia_internetowa.autorzy( id, imie, nazwisko ) VALUES ( 25, 'luiza','oleder' ); 
INSERT INTO ksiegarnia_internetowa.autorzy( id, imie, nazwisko ) VALUES ( 26, 'joel','slonzak' ); 
INSERT INTO ksiegarnia_internetowa.autorzy( id, imie, nazwisko ) VALUES ( 27, 'jordan','zmuda' ); 
INSERT INTO ksiegarnia_internetowa.autorzy( id, imie, nazwisko ) VALUES ( 28, 'jeremi','podolan' ); 
INSERT INTO ksiegarnia_internetowa.autorzy( id, imie, nazwisko ) VALUES ( 29, 'tycjan','kurlandt' ); 
INSERT INTO ksiegarnia_internetowa.autorzy( id, imie, nazwisko ) VALUES ( 30, 'frank','holenderski' ); 
INSERT INTO ksiegarnia_internetowa.autorzy( id, imie, nazwisko ) VALUES ( 31, 'ibrahim','michalak' ); 
INSERT INTO ksiegarnia_internetowa.autorzy( id, imie, nazwisko ) VALUES ( 32, 'oliwier','szwab' ); 
INSERT INTO ksiegarnia_internetowa.autorzy( id, imie, nazwisko ) VALUES ( 33, 'stanislaw','szlonzak' ); 
INSERT INTO ksiegarnia_internetowa.autorzy( id, imie, nazwisko ) VALUES ( 34, 'slawomir','tatarzyn' ); 
INSERT INTO ksiegarnia_internetowa.autorzy( id, imie, nazwisko ) VALUES ( 35, 'lech','krawczyk' ); 
INSERT INTO ksiegarnia_internetowa.autorzy( id, imie, nazwisko ) VALUES ( 36, 'bogumila','mazurkiewicz' ); 
INSERT INTO ksiegarnia_internetowa.autorzy( id, imie, nazwisko ) VALUES ( 37, 'stefan','poleszuk' ); 
INSERT INTO ksiegarnia_internetowa.autorzy( id, imie, nazwisko ) VALUES ( 38, 'ibrahim','slowiakowski' ); 
INSERT INTO ksiegarnia_internetowa.autorzy( id, imie, nazwisko ) VALUES ( 39, 'sarah','wegierski' ); 
INSERT INTO ksiegarnia_internetowa.autorzy( id, imie, nazwisko ) VALUES ( 40, 'carlos','tomaszewski' ); 
INSERT INTO ksiegarnia_internetowa.autorzy( id, imie, nazwisko ) VALUES ( 41, 'krzesimir','wroblewski' ); 
INSERT INTO ksiegarnia_internetowa.autorzy( id, imie, nazwisko ) VALUES ( 42, 'dominic','polok' ); 
INSERT INTO ksiegarnia_internetowa.autorzy( id, imie, nazwisko ) VALUES ( 43, 'elwira','stepien' ); 
INSERT INTO ksiegarnia_internetowa.autorzy( id, imie, nazwisko ) VALUES ( 44, 'mert','sas' ); 
INSERT INTO ksiegarnia_internetowa.autorzy( id, imie, nazwisko ) VALUES ( 45, 'victor','majewski' ); 
INSERT INTO ksiegarnia_internetowa.autorzy( id, imie, nazwisko ) VALUES ( 46, 'przemyslaw','szwab' ); 
INSERT INTO ksiegarnia_internetowa.autorzy( id, imie, nazwisko ) VALUES ( 47, 'leila','rusek' ); 
INSERT INTO ksiegarnia_internetowa.autorzy( id, imie, nazwisko ) VALUES ( 48, 'denis','nowicki' ); 
INSERT INTO ksiegarnia_internetowa.autorzy( id, imie, nazwisko ) VALUES ( 49, 'kaj','malinowski' ); 
INSERT INTO ksiegarnia_internetowa.autorzy( id, imie, nazwisko ) VALUES ( 50, 'oleg','holender' ); 
INSERT INTO ksiegarnia_internetowa.autorzy( id, imie, nazwisko ) VALUES ( 51, 'valentino','podolan' ); 
INSERT INTO ksiegarnia_internetowa.autorzy( id, imie, nazwisko ) VALUES ( 52, 'liliana','mazurkiewicz' ); 
INSERT INTO ksiegarnia_internetowa.autorzy( id, imie, nazwisko ) VALUES ( 53, 'andy','amsterdamski' ); 
INSERT INTO ksiegarnia_internetowa.autorzy( id, imie, nazwisko ) VALUES ( 54, 'kristian','kurlandczyk' ); 
INSERT INTO ksiegarnia_internetowa.autorzy( id, imie, nazwisko ) VALUES ( 55, 'lucja','lamparski' ); 
INSERT INTO ksiegarnia_internetowa.autorzy( id, imie, nazwisko ) VALUES ( 56, 'alessandro','slezak' ); 
INSERT INTO ksiegarnia_internetowa.autorzy( id, imie, nazwisko ) VALUES ( 57, 'miriam','prus' ); 
INSERT INTO ksiegarnia_internetowa.autorzy( id, imie, nazwisko ) VALUES ( 58, 'grzegorz','stepien' ); 
INSERT INTO ksiegarnia_internetowa.autorzy( id, imie, nazwisko ) VALUES ( 59, 'jedrzej','polaczek' ); 
INSERT INTO ksiegarnia_internetowa.autorzy( id, imie, nazwisko ) VALUES ( 60, 'grazyna','austrijak' ); 
INSERT INTO ksiegarnia_internetowa.autorzy( id, imie, nazwisko ) VALUES ( 61, 'lilly','wloch' ); 
INSERT INTO ksiegarnia_internetowa.autorzy( id, imie, nazwisko ) VALUES ( 62, 'bryan','woloszek' ); 
INSERT INTO ksiegarnia_internetowa.autorzy( id, imie, nazwisko ) VALUES ( 63, 'allan','szweda' ); 
INSERT INTO ksiegarnia_internetowa.autorzy( id, imie, nazwisko ) VALUES ( 64, 'kasjan','kaszub' ); 
INSERT INTO ksiegarnia_internetowa.autorzy( id, imie, nazwisko ) VALUES ( 65, 'aleks','ukrainski' ); 
INSERT INTO ksiegarnia_internetowa.autorzy( id, imie, nazwisko ) VALUES ( 66, 'leslaw','sieradzki' ); 
INSERT INTO ksiegarnia_internetowa.autorzy( id, imie, nazwisko ) VALUES ( 67, 'vivien','tatar' ); 
INSERT INTO ksiegarnia_internetowa.autorzy( id, imie, nazwisko ) VALUES ( 68, 'olaf','majewski' ); 
INSERT INTO ksiegarnia_internetowa.autorzy( id, imie, nazwisko ) VALUES ( 69, 'seweryn','piotrowski' ); 
INSERT INTO ksiegarnia_internetowa.autorzy( id, imie, nazwisko ) VALUES ( 70, 'marcela','borowski' ); 
INSERT INTO ksiegarnia_internetowa.autorzy( id, imie, nazwisko ) VALUES ( 71, 'ariana','polakowski' ); 
INSERT INTO ksiegarnia_internetowa.autorzy( id, imie, nazwisko ) VALUES ( 72, 'nika','sakson' ); 
INSERT INTO ksiegarnia_internetowa.autorzy( id, imie, nazwisko ) VALUES ( 73, 'zbigniew','rusak' ); 
INSERT INTO ksiegarnia_internetowa.autorzy( id, imie, nazwisko ) VALUES ( 74, 'gniewosz','tatarzyn' ); 
INSERT INTO ksiegarnia_internetowa.autorzy( id, imie, nazwisko ) VALUES ( 75, 'leon','kaszub' ); 
INSERT INTO ksiegarnia_internetowa.autorzy( id, imie, nazwisko ) VALUES ( 76, 'przemyslaw','pietrzak' ); 
INSERT INTO ksiegarnia_internetowa.autorzy( id, imie, nazwisko ) VALUES ( 77, 'dominika','lamparska' ); 
INSERT INTO ksiegarnia_internetowa.autorzy( id, imie, nazwisko ) VALUES ( 78, 'jarema','polakowski' ); 
INSERT INTO ksiegarnia_internetowa.autorzy( id, imie, nazwisko ) VALUES ( 79, 'xawery','borowski' ); 
INSERT INTO ksiegarnia_internetowa.autorzy( id, imie, nazwisko ) VALUES ( 80, 'valentino','poleszak' ); 
INSERT INTO ksiegarnia_internetowa.autorzy( id, imie, nazwisko ) VALUES ( 81, 'borys','litwin' ); 
INSERT INTO ksiegarnia_internetowa.autorzy( id, imie, nazwisko ) VALUES ( 82, 'manuel','ostrowski' ); 
INSERT INTO ksiegarnia_internetowa.autorzy( id, imie, nazwisko ) VALUES ( 83, 'kevin','sasin' ); 
INSERT INTO ksiegarnia_internetowa.autorzy( id, imie, nazwisko ) VALUES ( 84, 'klara','dunczyk' ); 
INSERT INTO ksiegarnia_internetowa.autorzy( id, imie, nazwisko ) VALUES ( 85, 'roch','bialoruski' ); 
INSERT INTO ksiegarnia_internetowa.autorzy( id, imie, nazwisko ) VALUES ( 86, 'nikos','zmudzin' ); 
INSERT INTO ksiegarnia_internetowa.autorzy( id, imie, nazwisko ) VALUES ( 87, 'ethan','koman' ); 
INSERT INTO ksiegarnia_internetowa.autorzy( id, imie, nazwisko ) VALUES ( 88, 'nikita','michalak' ); 
INSERT INTO ksiegarnia_internetowa.autorzy( id, imie, nazwisko ) VALUES ( 89, 'kacper','podolan' ); 
INSERT INTO ksiegarnia_internetowa.autorzy( id, imie, nazwisko ) VALUES ( 90, 'seweryn','prus' ); 
INSERT INTO ksiegarnia_internetowa.autorzy( id, imie, nazwisko ) VALUES ( 91, 'wawrzyniec','rusek' ); 
INSERT INTO ksiegarnia_internetowa.autorzy( id, imie, nazwisko ) VALUES ( 92, 'boguslaw','woloch' ); 
INSERT INTO ksiegarnia_internetowa.autorzy( id, imie, nazwisko ) VALUES ( 93, 'milo','pruski' ); 
INSERT INTO ksiegarnia_internetowa.autorzy( id, imie, nazwisko ) VALUES ( 94, 'louis','slazak' ); 
INSERT INTO ksiegarnia_internetowa.autorzy( id, imie, nazwisko ) VALUES ( 95, 'ilian','litwinowicz' ); 
INSERT INTO ksiegarnia_internetowa.autorzy( id, imie, nazwisko ) VALUES ( 96, 'gleb','nowicki' ); 
INSERT INTO ksiegarnia_internetowa.autorzy( id, imie, nazwisko ) VALUES ( 97, 'jaromir','goral' ); 
INSERT INTO ksiegarnia_internetowa.autorzy( id, imie, nazwisko ) VALUES ( 98, 'dmytro','tomaszewski' ); 
INSERT INTO ksiegarnia_internetowa.autorzy( id, imie, nazwisko ) VALUES ( 99, 'jagna','hiszpan' ); 
INSERT INTO ksiegarnia_internetowa.autorzy( id, imie, nazwisko ) VALUES ( 100, 'pola','zochowski' ); 

INSERT INTO ksiegarnia_internetowa.formaty( id, nazwa ) VALUES ( 1, 'A5' ); 
INSERT INTO ksiegarnia_internetowa.formaty( id, nazwa ) VALUES ( 2, 'B9' ); 
INSERT INTO ksiegarnia_internetowa.formaty( id, nazwa ) VALUES ( 3, 'B6' ); 
INSERT INTO ksiegarnia_internetowa.formaty( id, nazwa ) VALUES ( 4, 'A10' ); 
INSERT INTO ksiegarnia_internetowa.formaty( id, nazwa ) VALUES ( 5, 'C6' ); 
INSERT INTO ksiegarnia_internetowa.formaty( id, nazwa ) VALUES ( 6, 'B4' ); 
INSERT INTO ksiegarnia_internetowa.formaty( id, nazwa ) VALUES ( 7, 'C5' ); 
INSERT INTO ksiegarnia_internetowa.formaty( id, nazwa ) VALUES ( 8, 'B8' ); 
INSERT INTO ksiegarnia_internetowa.formaty( id, nazwa ) VALUES ( 9, 'B0' ); 
INSERT INTO ksiegarnia_internetowa.formaty( id, nazwa ) VALUES ( 10, 'B1' ); 
INSERT INTO ksiegarnia_internetowa.formaty( id, nazwa ) VALUES ( 12, 'B7' ); 
INSERT INTO ksiegarnia_internetowa.formaty( id, nazwa ) VALUES ( 13, 'B10' ); 
INSERT INTO ksiegarnia_internetowa.formaty( id, nazwa ) VALUES ( 14, 'A8' ); 
INSERT INTO ksiegarnia_internetowa.formaty( id, nazwa ) VALUES ( 17, 'C3' ); 
INSERT INTO ksiegarnia_internetowa.formaty( id, nazwa ) VALUES ( 18, 'A3' ); 
INSERT INTO ksiegarnia_internetowa.formaty( id, nazwa ) VALUES ( 19, 'A6' ); 
INSERT INTO ksiegarnia_internetowa.formaty( id, nazwa ) VALUES ( 20, 'C0' ); 
INSERT INTO ksiegarnia_internetowa.formaty( id, nazwa ) VALUES ( 22, 'C7' ); 
INSERT INTO ksiegarnia_internetowa.formaty( id, nazwa ) VALUES ( 26, 'C1' ); 
INSERT INTO ksiegarnia_internetowa.formaty( id, nazwa ) VALUES ( 27, 'B5' ); 
INSERT INTO ksiegarnia_internetowa.formaty( id, nazwa ) VALUES ( 29, 'A0' ); 
INSERT INTO ksiegarnia_internetowa.formaty( id, nazwa ) VALUES ( 37, 'A7' ); 
INSERT INTO ksiegarnia_internetowa.formaty( id, nazwa ) VALUES ( 38, 'A4' ); 
INSERT INTO ksiegarnia_internetowa.formaty( id, nazwa ) VALUES ( 39, 'A2' ); 
INSERT INTO ksiegarnia_internetowa.formaty( id, nazwa ) VALUES ( 50, 'C8' ); 
INSERT INTO ksiegarnia_internetowa.formaty( id, nazwa ) VALUES ( 51, 'B2' ); 
INSERT INTO ksiegarnia_internetowa.formaty( id, nazwa ) VALUES ( 53, 'C2' ); 
INSERT INTO ksiegarnia_internetowa.formaty( id, nazwa ) VALUES ( 80, 'C4' ); 
INSERT INTO ksiegarnia_internetowa.formaty( id, nazwa ) VALUES ( 83, 'C10' ); 
INSERT INTO ksiegarnia_internetowa.formaty( id, nazwa ) VALUES ( 112, 'B3' ); 
INSERT INTO ksiegarnia_internetowa.formaty( id, nazwa ) VALUES ( 122, 'C9' ); 
INSERT INTO ksiegarnia_internetowa.formaty( id, nazwa ) VALUES ( 178, 'A1' ); 
INSERT INTO ksiegarnia_internetowa.formaty( id, nazwa ) VALUES ( 184, 'A9' ); 

INSERT INTO ksiegarnia_internetowa.gatunki( id, nazwa ) VALUES ( 1, 'literatura faktu' ); 
INSERT INTO ksiegarnia_internetowa.gatunki( id, nazwa ) VALUES ( 2, 'opowiadania i powiesci' ); 
INSERT INTO ksiegarnia_internetowa.gatunki( id, nazwa ) VALUES ( 3, 'turystyka, mapy, atlasy' ); 
INSERT INTO ksiegarnia_internetowa.gatunki( id, nazwa ) VALUES ( 4, 'Literatura podroznicza' ); 
INSERT INTO ksiegarnia_internetowa.gatunki( id, nazwa ) VALUES ( 5, 'popularnonaukowe' ); 
INSERT INTO ksiegarnia_internetowa.gatunki( id, nazwa ) VALUES ( 6, 'hobby' ); 
INSERT INTO ksiegarnia_internetowa.gatunki( id, nazwa ) VALUES ( 7, 'poradniki dla rodzicow' ); 
INSERT INTO ksiegarnia_internetowa.gatunki( id, nazwa ) VALUES ( 8, 'sport' ); 
INSERT INTO ksiegarnia_internetowa.gatunki( id, nazwa ) VALUES ( 9, 'poradniki' ); 
INSERT INTO ksiegarnia_internetowa.gatunki( id, nazwa ) VALUES ( 11, 'literatura wspolczesna' ); 
INSERT INTO ksiegarnia_internetowa.gatunki( id, nazwa ) VALUES ( 12, 'publicystyka literacka i eseje' ); 
INSERT INTO ksiegarnia_internetowa.gatunki( id, nazwa ) VALUES ( 13, 'religia' ); 
INSERT INTO ksiegarnia_internetowa.gatunki( id, nazwa ) VALUES ( 14, 'jezykoznawstwo, nauka o literaturze' ); 
INSERT INTO ksiegarnia_internetowa.gatunki( id, nazwa ) VALUES ( 15, 'astronomia, astrofizyka' ); 
INSERT INTO ksiegarnia_internetowa.gatunki( id, nazwa ) VALUES ( 17, 'poezja' ); 
INSERT INTO ksiegarnia_internetowa.gatunki( id, nazwa ) VALUES ( 18, 'bajki' ); 
INSERT INTO ksiegarnia_internetowa.gatunki( id, nazwa ) VALUES ( 19, 'satyra' ); 
INSERT INTO ksiegarnia_internetowa.gatunki( id, nazwa ) VALUES ( 20, 'historyczna' ); 
INSERT INTO ksiegarnia_internetowa.gatunki( id, nazwa ) VALUES ( 21, 'literatura mlodziezowa' ); 
INSERT INTO ksiegarnia_internetowa.gatunki( id, nazwa ) VALUES ( 25, 'historia' ); 
INSERT INTO ksiegarnia_internetowa.gatunki( id, nazwa ) VALUES ( 26, 'flora i fauna' ); 
INSERT INTO ksiegarnia_internetowa.gatunki( id, nazwa ) VALUES ( 27, 'filozofia i etyka' ); 
INSERT INTO ksiegarnia_internetowa.gatunki( id, nazwa ) VALUES ( 28, 'basnie, legendy, podania' ); 
INSERT INTO ksiegarnia_internetowa.gatunki( id, nazwa ) VALUES ( 29, 'muzyka' ); 
INSERT INTO ksiegarnia_internetowa.gatunki( id, nazwa ) VALUES ( 31, 'thriller/sensacja/kryminal' ); 
INSERT INTO ksiegarnia_internetowa.gatunki( id, nazwa ) VALUES ( 32, 'militaria, wojskowosc' ); 
INSERT INTO ksiegarnia_internetowa.gatunki( id, nazwa ) VALUES ( 33, 'rozrywka' ); 
INSERT INTO ksiegarnia_internetowa.gatunki( id, nazwa ) VALUES ( 34, 'wierszyki, piosenki' ); 
INSERT INTO ksiegarnia_internetowa.gatunki( id, nazwa ) VALUES ( 36, 'film/kino/telewizja' ); 
INSERT INTO ksiegarnia_internetowa.gatunki( id, nazwa ) VALUES ( 38, 'biografia/autobiografia/pamietnik' ); 
INSERT INTO ksiegarnia_internetowa.gatunki( id, nazwa ) VALUES ( 41, 'nauki przyrodnicze' ); 
INSERT INTO ksiegarnia_internetowa.gatunki( id, nazwa ) VALUES ( 43, 'interaktywne, obrazkowe, edukacyjne' ); 
INSERT INTO ksiegarnia_internetowa.gatunki( id, nazwa ) VALUES ( 44, 'teatr' ); 
INSERT INTO ksiegarnia_internetowa.gatunki( id, nazwa ) VALUES ( 45, 'przygodowa' ); 
INSERT INTO ksiegarnia_internetowa.gatunki( id, nazwa ) VALUES ( 46, 'ezoteryka, senniki, horoskopy' ); 
INSERT INTO ksiegarnia_internetowa.gatunki( id, nazwa ) VALUES ( 49, 'klasyka' ); 
INSERT INTO ksiegarnia_internetowa.gatunki( id, nazwa ) VALUES ( 53, 'encyklopedie i slowniki' ); 
INSERT INTO ksiegarnia_internetowa.gatunki( id, nazwa ) VALUES ( 59, 'Literatura obyczajowa i romans' ); 
INSERT INTO ksiegarnia_internetowa.gatunki( id, nazwa ) VALUES ( 60, 'nauki spoleczne' ); 
INSERT INTO ksiegarnia_internetowa.gatunki( id, nazwa ) VALUES ( 62, 'informatyka i matematyka' ); 
INSERT INTO ksiegarnia_internetowa.gatunki( id, nazwa ) VALUES ( 67, 'czasopisma' ); 
INSERT INTO ksiegarnia_internetowa.gatunki( id, nazwa ) VALUES ( 69, 'utwor dramatyczny' ); 
INSERT INTO ksiegarnia_internetowa.gatunki( id, nazwa ) VALUES ( 84, 'popularnonaukowa' ); 
INSERT INTO ksiegarnia_internetowa.gatunki( id, nazwa ) VALUES ( 87, 'opowiesci dla mlodszych dzieci' ); 
INSERT INTO ksiegarnia_internetowa.gatunki( id, nazwa ) VALUES ( 88, 'rekodzielo' ); 
INSERT INTO ksiegarnia_internetowa.gatunki( id, nazwa ) VALUES ( 90, 'technika' ); 
INSERT INTO ksiegarnia_internetowa.gatunki( id, nazwa ) VALUES ( 93, 'sztuka' ); 
INSERT INTO ksiegarnia_internetowa.gatunki( id, nazwa ) VALUES ( 95, 'motoryzacja' ); 
INSERT INTO ksiegarnia_internetowa.gatunki( id, nazwa ) VALUES ( 100, 'kulinaria, przepisy kulinarne' ); 
INSERT INTO ksiegarnia_internetowa.gatunki( id, nazwa ) VALUES ( 105, 'pozostale' ); 
INSERT INTO ksiegarnia_internetowa.gatunki( id, nazwa ) VALUES ( 107, 'historie biblijne' ); 
INSERT INTO ksiegarnia_internetowa.gatunki( id, nazwa ) VALUES ( 129, 'komiksy' ); 
INSERT INTO ksiegarnia_internetowa.gatunki( id, nazwa ) VALUES ( 135, 'horror' ); 
INSERT INTO ksiegarnia_internetowa.gatunki( id, nazwa ) VALUES ( 145, 'zdrowie, medycyna' ); 
INSERT INTO ksiegarnia_internetowa.gatunki( id, nazwa ) VALUES ( 225, 'fantastyka, fantasy, science fiction' ); 
INSERT INTO ksiegarnia_internetowa.gatunki( id, nazwa ) VALUES ( 227, 'albumy' ); 
INSERT INTO ksiegarnia_internetowa.gatunki( id, nazwa ) VALUES ( 271, 'biznes, finanse' ); 

INSERT INTO ksiegarnia_internetowa.miasta( miasto, poczta ) VALUES ( 'Torzym','Torzym' ); 
INSERT INTO ksiegarnia_internetowa.miasta( miasto, poczta ) VALUES ( 'Strzegom','Wschowa' ); 
INSERT INTO ksiegarnia_internetowa.miasta( miasto, poczta ) VALUES ( 'Nowe Brzesko','Wrzesnia' ); 
INSERT INTO ksiegarnia_internetowa.miasta( miasto, poczta ) VALUES ( 'Koronowo','Kolo' ); 
INSERT INTO ksiegarnia_internetowa.miasta( miasto, poczta ) VALUES ( 'Wolsztyn','Wyrzysk' ); 
INSERT INTO ksiegarnia_internetowa.miasta( miasto, poczta ) VALUES ( 'Stawiski','Wysmierzyce' ); 
INSERT INTO ksiegarnia_internetowa.miasta( miasto, poczta ) VALUES ( 'Konin','Trzcinsko-Zdroj' ); 
INSERT INTO ksiegarnia_internetowa.miasta( miasto, poczta ) VALUES ( 'Strzelce Krajenskie','Trzciel' ); 
INSERT INTO ksiegarnia_internetowa.miasta( miasto, poczta ) VALUES ( 'Steszew','Nowe Brzesko' ); 
INSERT INTO ksiegarnia_internetowa.miasta( miasto, poczta ) VALUES ( 'Wrzesnia','Plonsk' ); 
INSERT INTO ksiegarnia_internetowa.miasta( miasto, poczta ) VALUES ( 'Podkowa Lesna','Koronowo' ); 
INSERT INTO ksiegarnia_internetowa.miasta( miasto, poczta ) VALUES ( 'Wolborz','Strzegom' ); 
INSERT INTO ksiegarnia_internetowa.miasta( miasto, poczta ) VALUES ( 'Polanica-Zdroj','Limanowa' ); 
INSERT INTO ksiegarnia_internetowa.miasta( miasto, poczta ) VALUES ( 'Konskie','Trzcianka' ); 
INSERT INTO ksiegarnia_internetowa.miasta( miasto, poczta ) VALUES ( 'Polanow','Trzebinia' ); 
INSERT INTO ksiegarnia_internetowa.miasta( miasto, poczta ) VALUES ( 'Lipsk','Polaniec' ); 
INSERT INTO ksiegarnia_internetowa.miasta( miasto, poczta ) VALUES ( 'Stoczek lukowski','Konin' ); 
INSERT INTO ksiegarnia_internetowa.miasta( miasto, poczta ) VALUES ( 'Wschowa','Wloszczowa' ); 
INSERT INTO ksiegarnia_internetowa.miasta( miasto, poczta ) VALUES ( 'Kolobrzeg','Bobolice' ); 
INSERT INTO ksiegarnia_internetowa.miasta( miasto, poczta ) VALUES ( 'Nowe Miasto nad Pilica','Wojcieszow' ); 
INSERT INTO ksiegarnia_internetowa.miasta( miasto, poczta ) VALUES ( 'Wodzislaw slaski','Stoczek lukowski' ); 
INSERT INTO ksiegarnia_internetowa.miasta( miasto, poczta ) VALUES ( 'Wolomin','Lipiany' ); 
INSERT INTO ksiegarnia_internetowa.miasta( miasto, poczta ) VALUES ( 'Wloszczowa','Nowe Miasto nad Pilica' ); 
INSERT INTO ksiegarnia_internetowa.miasta( miasto, poczta ) VALUES ( 'Koprzywnica','Konskie' ); 
INSERT INTO ksiegarnia_internetowa.miasta( miasto, poczta ) VALUES ( 'Strykow','Lidzbark' ); 
INSERT INTO ksiegarnia_internetowa.miasta( miasto, poczta ) VALUES ( 'Kolaczyce','Koniecpol' ); 
INSERT INTO ksiegarnia_internetowa.miasta( miasto, poczta ) VALUES ( 'Pniewy','Strzelce Krajenskie' ); 
INSERT INTO ksiegarnia_internetowa.miasta( miasto, poczta ) VALUES ( 'Blazowa','Wloclawek' ); 
INSERT INTO ksiegarnia_internetowa.miasta( miasto, poczta ) VALUES ( 'Konstantynow lodzki','Wroclaw' ); 
INSERT INTO ksiegarnia_internetowa.miasta( miasto, poczta ) VALUES ( 'Nowe Miasteczko','Wolomin' ); 
INSERT INTO ksiegarnia_internetowa.miasta( miasto, poczta ) VALUES ( 'Wojkowice','Bochnia' ); 
INSERT INTO ksiegarnia_internetowa.miasta( miasto, poczta ) VALUES ( 'Nowe Skalmierzyce','Plock' ); 
INSERT INTO ksiegarnia_internetowa.miasta( miasto, poczta ) VALUES ( 'Poniatowa','Steszew' ); 
INSERT INTO ksiegarnia_internetowa.miasta( miasto, poczta ) VALUES ( 'Wyrzysk','Wolsztyn' ); 
INSERT INTO ksiegarnia_internetowa.miasta( miasto, poczta ) VALUES ( 'Wysokie Mazowieckie','Wyszogrod' ); 
INSERT INTO ksiegarnia_internetowa.miasta( miasto, poczta ) VALUES ( 'Poddebice','Korfantow' ); 
INSERT INTO ksiegarnia_internetowa.miasta( miasto, poczta ) VALUES ( 'Wolbrom','Ploty' ); 
INSERT INTO ksiegarnia_internetowa.miasta( miasto, poczta ) VALUES ( 'Bochnia','Lipsk' ); 
INSERT INTO ksiegarnia_internetowa.miasta( miasto, poczta ) VALUES ( 'Wolow','Wolbrom' ); 
INSERT INTO ksiegarnia_internetowa.miasta( miasto, poczta ) VALUES ( 'Wlodawa','Wodzislaw slaski' ); 
INSERT INTO ksiegarnia_internetowa.miasta( miasto, poczta ) VALUES ( 'Wyszogrod','Kolobrzeg' ); 
INSERT INTO ksiegarnia_internetowa.miasta( miasto, poczta ) VALUES ( 'Wyszkow','Wolczyn' ); 
INSERT INTO ksiegarnia_internetowa.miasta( miasto, poczta ) VALUES ( 'Konstancin-Jeziorna','Strzelce Opolskie' ); 
INSERT INTO ksiegarnia_internetowa.miasta( miasto, poczta ) VALUES ( 'Pobiedziska','Podkowa Lesna' ); 
INSERT INTO ksiegarnia_internetowa.miasta( miasto, poczta ) VALUES ( 'Wloclawek','Koluszki' ); 
INSERT INTO ksiegarnia_internetowa.miasta( miasto, poczta ) VALUES ( 'Strzelce Opolskie','Police' ); 
INSERT INTO ksiegarnia_internetowa.miasta( miasto, poczta ) VALUES ( 'Bobowa','Blonie' ); 
INSERT INTO ksiegarnia_internetowa.miasta( miasto, poczta ) VALUES ( 'Strumien','Trzebiatow' ); 
INSERT INTO ksiegarnia_internetowa.miasta( miasto, poczta ) VALUES ( 'Staszow','Nowe Miasto Lubawskie' ); 
INSERT INTO ksiegarnia_internetowa.miasta( miasto, poczta ) VALUES ( 'Wojcieszow','Wozniki' ); 
INSERT INTO ksiegarnia_internetowa.miasta( miasto, poczta ) VALUES ( 'Trzcianka','Stepnica' ); 
INSERT INTO ksiegarnia_internetowa.miasta( miasto, poczta ) VALUES ( 'Pleszew','Stawiski' ); 
INSERT INTO ksiegarnia_internetowa.miasta( miasto, poczta ) VALUES ( 'Kolo','Bobowa' ); 
INSERT INTO ksiegarnia_internetowa.miasta( miasto, poczta ) VALUES ( 'Polaniec','Polanica-Zdroj' ); 
INSERT INTO ksiegarnia_internetowa.miasta( miasto, poczta ) VALUES ( 'Koluszki','Nowe Miasteczko' ); 
INSERT INTO ksiegarnia_internetowa.miasta( miasto, poczta ) VALUES ( 'Korfantow','Lipno' ); 
INSERT INTO ksiegarnia_internetowa.miasta( miasto, poczta ) VALUES ( 'Lidzbark','Nowa Sol' ); 
INSERT INTO ksiegarnia_internetowa.miasta( miasto, poczta ) VALUES ( 'Bodzentyn','Kolaczyce' ); 
INSERT INTO ksiegarnia_internetowa.miasta( miasto, poczta ) VALUES ( 'Bobolice','Konstantynow lodzki' ); 
INSERT INTO ksiegarnia_internetowa.miasta( miasto, poczta ) VALUES ( 'Wroclaw','Wojnicz' ); 
INSERT INTO ksiegarnia_internetowa.miasta( miasto, poczta ) VALUES ( 'Wojnicz','Wysoka' ); 
INSERT INTO ksiegarnia_internetowa.miasta( miasto, poczta ) VALUES ( 'Plock','Poniatowa' ); 
INSERT INTO ksiegarnia_internetowa.miasta( miasto, poczta ) VALUES ( 'Wysoka','Wyszkow' ); 
INSERT INTO ksiegarnia_internetowa.miasta( miasto, poczta ) VALUES ( 'Wysmierzyce','Wolin' ); 
INSERT INTO ksiegarnia_internetowa.miasta( miasto, poczta ) VALUES ( 'Bogatynia','Blazowa' ); 
INSERT INTO ksiegarnia_internetowa.miasta( miasto, poczta ) VALUES ( 'Stronie slaskie','Stronie slaskie' ); 
INSERT INTO ksiegarnia_internetowa.miasta( miasto, poczta ) VALUES ( 'Pogorzela','Pleszew' ); 
INSERT INTO ksiegarnia_internetowa.miasta( miasto, poczta ) VALUES ( 'Police','Stopnica' ); 
INSERT INTO ksiegarnia_internetowa.miasta( miasto, poczta ) VALUES ( 'Nowa Sol','Wolow' ); 
INSERT INTO ksiegarnia_internetowa.miasta( miasto, poczta ) VALUES ( 'Koniecpol','Konstancin-Jeziorna' ); 
INSERT INTO ksiegarnia_internetowa.miasta( miasto, poczta ) VALUES ( 'Wolczyn','Koprzywnica' ); 
INSERT INTO ksiegarnia_internetowa.miasta( miasto, poczta ) VALUES ( 'Trzciel','Wojkowice' ); 
INSERT INTO ksiegarnia_internetowa.miasta( miasto, poczta ) VALUES ( 'Polkowice','Nowe Skalmierzyce' ); 
INSERT INTO ksiegarnia_internetowa.miasta( miasto, poczta ) VALUES ( 'Nowe','Bodzentyn' ); 
INSERT INTO ksiegarnia_internetowa.miasta( miasto, poczta ) VALUES ( 'Nowe Miasto Lubawskie','Nowe' ); 
INSERT INTO ksiegarnia_internetowa.miasta( miasto, poczta ) VALUES ( 'Stopnica','Nowe Warpno' ); 
INSERT INTO ksiegarnia_internetowa.miasta( miasto, poczta ) VALUES ( 'Stepnica','Wlodawa' ); 
INSERT INTO ksiegarnia_internetowa.miasta( miasto, poczta ) VALUES ( 'Polczyn-Zdroj','Polanow' ); 
INSERT INTO ksiegarnia_internetowa.miasta( miasto, poczta ) VALUES ( 'Ploty','Bogatynia' ); 
INSERT INTO ksiegarnia_internetowa.miasta( miasto, poczta ) VALUES ( 'Nowe Warpno','Polczyn-Zdroj' ); 
INSERT INTO ksiegarnia_internetowa.miasta( miasto, poczta ) VALUES ( 'Lipno','Pogorzela' ); 
INSERT INTO ksiegarnia_internetowa.miasta( miasto, poczta ) VALUES ( 'Trzebiatow','Strykow' ); 
INSERT INTO ksiegarnia_internetowa.miasta( miasto, poczta ) VALUES ( 'Stawiszyn','Toszek' ); 
INSERT INTO ksiegarnia_internetowa.miasta( miasto, poczta ) VALUES ( 'Lipiany','Lidzbark Warminski' ); 
INSERT INTO ksiegarnia_internetowa.miasta( miasto, poczta ) VALUES ( 'Wolin','Poddebice' ); 
INSERT INTO ksiegarnia_internetowa.miasta( miasto, poczta ) VALUES ( 'Limanowa','Strumien' ); 
INSERT INTO ksiegarnia_internetowa.miasta( miasto, poczta ) VALUES ( 'Plonsk','Wolborz' ); 
INSERT INTO ksiegarnia_internetowa.miasta( miasto, poczta ) VALUES ( 'Lidzbark Warminski','Stawiszyn' ); 
INSERT INTO ksiegarnia_internetowa.miasta( miasto, poczta ) VALUES ( 'Wronki','Wysokie Mazowieckie' ); 
INSERT INTO ksiegarnia_internetowa.miasta( miasto, poczta ) VALUES ( 'Toszek','Staszow' ); 
INSERT INTO ksiegarnia_internetowa.miasta( miasto, poczta ) VALUES ( 'Trzcinsko-Zdroj','Staporkow' ); 
INSERT INTO ksiegarnia_internetowa.miasta( miasto, poczta ) VALUES ( 'Blonie','Pobiedziska' ); 

INSERT INTO ksiegarnia_internetowa.wydawnictwa( id, nazwa ) VALUES ( 1, 'Helion' ); 
INSERT INTO ksiegarnia_internetowa.wydawnictwa( id, nazwa ) VALUES ( 2, 'Forum' ); 
INSERT INTO ksiegarnia_internetowa.wydawnictwa( id, nazwa ) VALUES ( 3, 'Benir' ); 
INSERT INTO ksiegarnia_internetowa.wydawnictwa( id, nazwa ) VALUES ( 4, 'Fraszka Edukacyjna Sp.zo.o.' ); 
INSERT INTO ksiegarnia_internetowa.wydawnictwa( id, nazwa ) VALUES ( 5, 'Comanagement' ); 
INSERT INTO ksiegarnia_internetowa.wydawnictwa( id, nazwa ) VALUES ( 6, 'Aik' ); 
INSERT INTO ksiegarnia_internetowa.wydawnictwa( id, nazwa ) VALUES ( 8, 'Helion Edukacja' ); 
INSERT INTO ksiegarnia_internetowa.wydawnictwa( id, nazwa ) VALUES ( 9, 'Konemann Music Budapest' ); 
INSERT INTO ksiegarnia_internetowa.wydawnictwa( id, nazwa ) VALUES ( 11, 'Imperial Toy' ); 
INSERT INTO ksiegarnia_internetowa.wydawnictwa( id, nazwa ) VALUES ( 12, 'Colorful Media' ); 
INSERT INTO ksiegarnia_internetowa.wydawnictwa( id, nazwa ) VALUES ( 13, 'FRONDA' ); 
INSERT INTO ksiegarnia_internetowa.wydawnictwa( id, nazwa ) VALUES ( 14, 'AHE' ); 
INSERT INTO ksiegarnia_internetowa.wydawnictwa( id, nazwa ) VALUES ( 15, 'HEDOM' ); 
INSERT INTO ksiegarnia_internetowa.wydawnictwa( id, nazwa ) VALUES ( 16, 'Frederick Warne' ); 
INSERT INTO ksiegarnia_internetowa.wydawnictwa( id, nazwa ) VALUES ( 17, 'FOXGAMES /GW FOKSAL/' ); 
INSERT INTO ksiegarnia_internetowa.wydawnictwa( id, nazwa ) VALUES ( 19, 'Fridolin' ); 
INSERT INTO ksiegarnia_internetowa.wydawnictwa( id, nazwa ) VALUES ( 20, 'Forum pokrzywdzonych przez paĹ„stwo' ); 
INSERT INTO ksiegarnia_internetowa.wydawnictwa( id, nazwa ) VALUES ( 21, 'Kompass' ); 
INSERT INTO ksiegarnia_internetowa.wydawnictwa( id, nazwa ) VALUES ( 23, 'Colgraf' ); 
INSERT INTO ksiegarnia_internetowa.wydawnictwa( id, nazwa ) VALUES ( 24, 'Konsorcjum Akademickie' ); 
INSERT INTO ksiegarnia_internetowa.wydawnictwa( id, nazwa ) VALUES ( 28, 'KOLPRESS' ); 
INSERT INTO ksiegarnia_internetowa.wydawnictwa( id, nazwa ) VALUES ( 29, 'Kondrat-Media' ); 
INSERT INTO ksiegarnia_internetowa.wydawnictwa( id, nazwa ) VALUES ( 30, 'Aha\t' ); 
INSERT INTO ksiegarnia_internetowa.wydawnictwa( id, nazwa ) VALUES ( 31, 'EPIDEIXIS' ); 
INSERT INTO ksiegarnia_internetowa.wydawnictwa( id, nazwa ) VALUES ( 33, 'Agora SA' ); 
INSERT INTO ksiegarnia_internetowa.wydawnictwa( id, nazwa ) VALUES ( 35, 'Entliczek' ); 
INSERT INTO ksiegarnia_internetowa.wydawnictwa( id, nazwa ) VALUES ( 36, 'COMM Partner' ); 
INSERT INTO ksiegarnia_internetowa.wydawnictwa( id, nazwa ) VALUES ( 37, 'Berlin Classics' ); 
INSERT INTO ksiegarnia_internetowa.wydawnictwa( id, nazwa ) VALUES ( 41, 'Komograf' ); 
INSERT INTO ksiegarnia_internetowa.wydawnictwa( id, nazwa ) VALUES ( 42, 'ENDER /WARBOOK/' ); 
INSERT INTO ksiegarnia_internetowa.wydawnictwa( id, nazwa ) VALUES ( 46, 'Color Creation' ); 
INSERT INTO ksiegarnia_internetowa.wydawnictwa( id, nazwa ) VALUES ( 48, 'IMP' ); 
INSERT INTO ksiegarnia_internetowa.wydawnictwa( id, nazwa ) VALUES ( 49, 'Fuel' ); 
INSERT INTO ksiegarnia_internetowa.wydawnictwa( id, nazwa ) VALUES ( 50, 'Communications4You' ); 
INSERT INTO ksiegarnia_internetowa.wydawnictwa( id, nazwa ) VALUES ( 51, 'incood.' ); 
INSERT INTO ksiegarnia_internetowa.wydawnictwa( id, nazwa ) VALUES ( 57, 'FTG Jacek Borowiak' ); 
INSERT INTO ksiegarnia_internetowa.wydawnictwa( id, nazwa ) VALUES ( 59, 'Helen Exley' ); 
INSERT INTO ksiegarnia_internetowa.wydawnictwa( id, nazwa ) VALUES ( 62, 'Fournier' ); 
INSERT INTO ksiegarnia_internetowa.wydawnictwa( id, nazwa ) VALUES ( 67, 'Beppe' ); 
INSERT INTO ksiegarnia_internetowa.wydawnictwa( id, nazwa ) VALUES ( 69, 'AJAKS' ); 
INSERT INTO ksiegarnia_internetowa.wydawnictwa( id, nazwa ) VALUES ( 71, 'EnClave ELE' ); 
INSERT INTO ksiegarnia_internetowa.wydawnictwa( id, nazwa ) VALUES ( 72, 'Commercial Enterprise ON\t' ); 
INSERT INTO ksiegarnia_internetowa.wydawnictwa( id, nazwa ) VALUES ( 76, 'Format-AB' ); 
INSERT INTO ksiegarnia_internetowa.wydawnictwa( id, nazwa ) VALUES ( 79, 'Energizer' ); 
INSERT INTO ksiegarnia_internetowa.wydawnictwa( id, nazwa ) VALUES ( 83, 'Headline' ); 
INSERT INTO ksiegarnia_internetowa.wydawnictwa( id, nazwa ) VALUES ( 88, 'Fresh' ); 
INSERT INTO ksiegarnia_internetowa.wydawnictwa( id, nazwa ) VALUES ( 90, 'FOTO LINER' ); 
INSERT INTO ksiegarnia_internetowa.wydawnictwa( id, nazwa ) VALUES ( 92, 'Ajaks' ); 
INSERT INTO ksiegarnia_internetowa.wydawnictwa( id, nazwa ) VALUES ( 97, 'AGOY.PL' ); 
INSERT INTO ksiegarnia_internetowa.wydawnictwa( id, nazwa ) VALUES ( 106, 'Epee' ); 
INSERT INTO ksiegarnia_internetowa.wydawnictwa( id, nazwa ) VALUES ( 113, 'Collby&Company' ); 
INSERT INTO ksiegarnia_internetowa.wydawnictwa( id, nazwa ) VALUES ( 123, 'Imprint Media' ); 
INSERT INTO ksiegarnia_internetowa.wydawnictwa( id, nazwa ) VALUES ( 132, 'IN ROCK\t' ); 
INSERT INTO ksiegarnia_internetowa.wydawnictwa( id, nazwa ) VALUES ( 144, 'Engino' ); 
INSERT INTO ksiegarnia_internetowa.wydawnictwa( id, nazwa ) VALUES ( 150, 'Heinle' ); 
INSERT INTO ksiegarnia_internetowa.wydawnictwa( id, nazwa ) VALUES ( 159, 'Helma' ); 
INSERT INTO ksiegarnia_internetowa.wydawnictwa( id, nazwa ) VALUES ( 190, 'FTM Jakub El Mahdi' ); 
INSERT INTO ksiegarnia_internetowa.wydawnictwa( id, nazwa ) VALUES ( 193, 'eMPi2 Mariana Pietraszewskiego' ); 
INSERT INTO ksiegarnia_internetowa.wydawnictwa( id, nazwa ) VALUES ( 263, 'Format Biuro Informatyki Stosowanej' ); 

INSERT INTO ksiegarnia_internetowa.kody_pocztowe( kod_pocztowy, poczta ) VALUES ( '75-172','Torzym' ); 
INSERT INTO ksiegarnia_internetowa.kody_pocztowe( kod_pocztowy, poczta ) VALUES ( '69-233','Wschowa' ); 
INSERT INTO ksiegarnia_internetowa.kody_pocztowe( kod_pocztowy, poczta ) VALUES ( '60-523','Wrzesnia' ); 
INSERT INTO ksiegarnia_internetowa.kody_pocztowe( kod_pocztowy, poczta ) VALUES ( '09-895','Kolo' ); 
INSERT INTO ksiegarnia_internetowa.kody_pocztowe( kod_pocztowy, poczta ) VALUES ( '04-952','Wyrzysk' ); 
INSERT INTO ksiegarnia_internetowa.kody_pocztowe( kod_pocztowy, poczta ) VALUES ( '36-326','Wysmierzyce' ); 
INSERT INTO ksiegarnia_internetowa.kody_pocztowe( kod_pocztowy, poczta ) VALUES ( '67-875','Trzcinsko-Zdroj' ); 
INSERT INTO ksiegarnia_internetowa.kody_pocztowe( kod_pocztowy, poczta ) VALUES ( '03-142','Lidzbark Warminski' ); 
INSERT INTO ksiegarnia_internetowa.kody_pocztowe( kod_pocztowy, poczta ) VALUES ( '96-476','Trzciel' ); 
INSERT INTO ksiegarnia_internetowa.kody_pocztowe( kod_pocztowy, poczta ) VALUES ( '60-341','Wschowa' ); 
INSERT INTO ksiegarnia_internetowa.kody_pocztowe( kod_pocztowy, poczta ) VALUES ( '28-631','Nowe Brzesko' ); 
INSERT INTO ksiegarnia_internetowa.kody_pocztowe( kod_pocztowy, poczta ) VALUES ( '46-537','Plonsk' ); 
INSERT INTO ksiegarnia_internetowa.kody_pocztowe( kod_pocztowy, poczta ) VALUES ( '01-436','Koronowo' ); 
INSERT INTO ksiegarnia_internetowa.kody_pocztowe( kod_pocztowy, poczta ) VALUES ( '63-722','Strzegom' ); 
INSERT INTO ksiegarnia_internetowa.kody_pocztowe( kod_pocztowy, poczta ) VALUES ( '78-763','Limanowa' ); 
INSERT INTO ksiegarnia_internetowa.kody_pocztowe( kod_pocztowy, poczta ) VALUES ( '38-519','Wolin' ); 
INSERT INTO ksiegarnia_internetowa.kody_pocztowe( kod_pocztowy, poczta ) VALUES ( '32-235','Trzcianka' ); 
INSERT INTO ksiegarnia_internetowa.kody_pocztowe( kod_pocztowy, poczta ) VALUES ( '22-774','Poddebice' ); 
INSERT INTO ksiegarnia_internetowa.kody_pocztowe( kod_pocztowy, poczta ) VALUES ( '51-551','Trzebinia' ); 
INSERT INTO ksiegarnia_internetowa.kody_pocztowe( kod_pocztowy, poczta ) VALUES ( '72-362','Polaniec' ); 
INSERT INTO ksiegarnia_internetowa.kody_pocztowe( kod_pocztowy, poczta ) VALUES ( '38-006','Konin' ); 
INSERT INTO ksiegarnia_internetowa.kody_pocztowe( kod_pocztowy, poczta ) VALUES ( '60-863','Wloszczowa' ); 
INSERT INTO ksiegarnia_internetowa.kody_pocztowe( kod_pocztowy, poczta ) VALUES ( '93-704','Bobolice' ); 
INSERT INTO ksiegarnia_internetowa.kody_pocztowe( kod_pocztowy, poczta ) VALUES ( '82-505','Wysmierzyce' ); 
INSERT INTO ksiegarnia_internetowa.kody_pocztowe( kod_pocztowy, poczta ) VALUES ( '37-020','Wojcieszow' ); 
INSERT INTO ksiegarnia_internetowa.kody_pocztowe( kod_pocztowy, poczta ) VALUES ( '65-324','Stopnica' ); 
INSERT INTO ksiegarnia_internetowa.kody_pocztowe( kod_pocztowy, poczta ) VALUES ( '41-676','Stoczek lukowski' ); 
INSERT INTO ksiegarnia_internetowa.kody_pocztowe( kod_pocztowy, poczta ) VALUES ( '87-298','Lipiany' ); 
INSERT INTO ksiegarnia_internetowa.kody_pocztowe( kod_pocztowy, poczta ) VALUES ( '80-523','Nowe Miasto nad Pilica' ); 
INSERT INTO ksiegarnia_internetowa.kody_pocztowe( kod_pocztowy, poczta ) VALUES ( '63-769','Nowe Miasto nad Pilica' ); 
INSERT INTO ksiegarnia_internetowa.kody_pocztowe( kod_pocztowy, poczta ) VALUES ( '83-865','Lidzbark' ); 
INSERT INTO ksiegarnia_internetowa.kody_pocztowe( kod_pocztowy, poczta ) VALUES ( '41-208','Konskie' ); 
INSERT INTO ksiegarnia_internetowa.kody_pocztowe( kod_pocztowy, poczta ) VALUES ( '15-347','Lidzbark' ); 
INSERT INTO ksiegarnia_internetowa.kody_pocztowe( kod_pocztowy, poczta ) VALUES ( '59-623','Bobowa' ); 
INSERT INTO ksiegarnia_internetowa.kody_pocztowe( kod_pocztowy, poczta ) VALUES ( '42-718','Plonsk' ); 
INSERT INTO ksiegarnia_internetowa.kody_pocztowe( kod_pocztowy, poczta ) VALUES ( '40-324','Koniecpol' ); 
INSERT INTO ksiegarnia_internetowa.kody_pocztowe( kod_pocztowy, poczta ) VALUES ( '25-165','Strzelce Krajenskie' ); 
INSERT INTO ksiegarnia_internetowa.kody_pocztowe( kod_pocztowy, poczta ) VALUES ( '91-789','Wloclawek' ); 
INSERT INTO ksiegarnia_internetowa.kody_pocztowe( kod_pocztowy, poczta ) VALUES ( '56-373','Wroclaw' ); 
INSERT INTO ksiegarnia_internetowa.kody_pocztowe( kod_pocztowy, poczta ) VALUES ( '39-625','Trzcinsko-Zdroj' ); 
INSERT INTO ksiegarnia_internetowa.kody_pocztowe( kod_pocztowy, poczta ) VALUES ( '12-827','Torzym' ); 
INSERT INTO ksiegarnia_internetowa.kody_pocztowe( kod_pocztowy, poczta ) VALUES ( '43-875','Wloclawek' ); 
INSERT INTO ksiegarnia_internetowa.kody_pocztowe( kod_pocztowy, poczta ) VALUES ( '82-414','Wolomin' ); 
INSERT INTO ksiegarnia_internetowa.kody_pocztowe( kod_pocztowy, poczta ) VALUES ( '03-763','Bochnia' ); 
INSERT INTO ksiegarnia_internetowa.kody_pocztowe( kod_pocztowy, poczta ) VALUES ( '78-721','Plock' ); 
INSERT INTO ksiegarnia_internetowa.kody_pocztowe( kod_pocztowy, poczta ) VALUES ( '38-567','Steszew' ); 
INSERT INTO ksiegarnia_internetowa.kody_pocztowe( kod_pocztowy, poczta ) VALUES ( '52-424','Wolsztyn' ); 
INSERT INTO ksiegarnia_internetowa.kody_pocztowe( kod_pocztowy, poczta ) VALUES ( '76-125','Wyszogrod' ); 
INSERT INTO ksiegarnia_internetowa.kody_pocztowe( kod_pocztowy, poczta ) VALUES ( '70-782','Koniecpol' ); 
INSERT INTO ksiegarnia_internetowa.kody_pocztowe( kod_pocztowy, poczta ) VALUES ( '28-776','Trzcianka' ); 
INSERT INTO ksiegarnia_internetowa.kody_pocztowe( kod_pocztowy, poczta ) VALUES ( '50-160','Staszow' ); 
INSERT INTO ksiegarnia_internetowa.kody_pocztowe( kod_pocztowy, poczta ) VALUES ( '74-632','Wschowa' ); 
INSERT INTO ksiegarnia_internetowa.kody_pocztowe( kod_pocztowy, poczta ) VALUES ( '25-729','Stepnica' ); 
INSERT INTO ksiegarnia_internetowa.kody_pocztowe( kod_pocztowy, poczta ) VALUES ( '44-272','Bobolice' ); 
INSERT INTO ksiegarnia_internetowa.kody_pocztowe( kod_pocztowy, poczta ) VALUES ( '51-348','Korfantow' ); 
INSERT INTO ksiegarnia_internetowa.kody_pocztowe( kod_pocztowy, poczta ) VALUES ( '56-861','Trzebiatow' ); 
INSERT INTO ksiegarnia_internetowa.kody_pocztowe( kod_pocztowy, poczta ) VALUES ( '83-427','Lipiany' ); 
INSERT INTO ksiegarnia_internetowa.kody_pocztowe( kod_pocztowy, poczta ) VALUES ( '23-471','Wozniki' ); 
INSERT INTO ksiegarnia_internetowa.kody_pocztowe( kod_pocztowy, poczta ) VALUES ( '68-633','Ploty' ); 
INSERT INTO ksiegarnia_internetowa.kody_pocztowe( kod_pocztowy, poczta ) VALUES ( '56-232','Nowe Brzesko' ); 
INSERT INTO ksiegarnia_internetowa.kody_pocztowe( kod_pocztowy, poczta ) VALUES ( '67-611','Lipsk' ); 
INSERT INTO ksiegarnia_internetowa.kody_pocztowe( kod_pocztowy, poczta ) VALUES ( '11-562','Strumien' ); 
INSERT INTO ksiegarnia_internetowa.kody_pocztowe( kod_pocztowy, poczta ) VALUES ( '12-342','Korfantow' ); 
INSERT INTO ksiegarnia_internetowa.kody_pocztowe( kod_pocztowy, poczta ) VALUES ( '66-166','Podkowa Lesna' ); 
INSERT INTO ksiegarnia_internetowa.kody_pocztowe( kod_pocztowy, poczta ) VALUES ( '61-798','Wolbrom' ); 
INSERT INTO ksiegarnia_internetowa.kody_pocztowe( kod_pocztowy, poczta ) VALUES ( '65-641','Korfantow' ); 
INSERT INTO ksiegarnia_internetowa.kody_pocztowe( kod_pocztowy, poczta ) VALUES ( '77-764','Wodzislaw slaski' ); 
INSERT INTO ksiegarnia_internetowa.kody_pocztowe( kod_pocztowy, poczta ) VALUES ( '42-332','Wysmierzyce' ); 
INSERT INTO ksiegarnia_internetowa.kody_pocztowe( kod_pocztowy, poczta ) VALUES ( '47-581','Bobolice' ); 
INSERT INTO ksiegarnia_internetowa.kody_pocztowe( kod_pocztowy, poczta ) VALUES ( '77-073','Stawiski' ); 
INSERT INTO ksiegarnia_internetowa.kody_pocztowe( kod_pocztowy, poczta ) VALUES ( '88-364','Kolobrzeg' ); 
INSERT INTO ksiegarnia_internetowa.kody_pocztowe( kod_pocztowy, poczta ) VALUES ( '64-683','Wolczyn' ); 
INSERT INTO ksiegarnia_internetowa.kody_pocztowe( kod_pocztowy, poczta ) VALUES ( '02-430','Strzelce Opolskie' ); 
INSERT INTO ksiegarnia_internetowa.kody_pocztowe( kod_pocztowy, poczta ) VALUES ( '36-662','Podkowa Lesna' ); 
INSERT INTO ksiegarnia_internetowa.kody_pocztowe( kod_pocztowy, poczta ) VALUES ( '02-526','Nowe Miasto nad Pilica' ); 
INSERT INTO ksiegarnia_internetowa.kody_pocztowe( kod_pocztowy, poczta ) VALUES ( '28-864','Wolomin' ); 
INSERT INTO ksiegarnia_internetowa.kody_pocztowe( kod_pocztowy, poczta ) VALUES ( '73-128','Bochnia' ); 
INSERT INTO ksiegarnia_internetowa.kody_pocztowe( kod_pocztowy, poczta ) VALUES ( '43-293','Pleszew' ); 
INSERT INTO ksiegarnia_internetowa.kody_pocztowe( kod_pocztowy, poczta ) VALUES ( '41-621','Koluszki' ); 
INSERT INTO ksiegarnia_internetowa.kody_pocztowe( kod_pocztowy, poczta ) VALUES ( '52-756','Police' ); 
INSERT INTO ksiegarnia_internetowa.kody_pocztowe( kod_pocztowy, poczta ) VALUES ( '44-085','Strykow' ); 
INSERT INTO ksiegarnia_internetowa.kody_pocztowe( kod_pocztowy, poczta ) VALUES ( '17-429','Koluszki' ); 
INSERT INTO ksiegarnia_internetowa.kody_pocztowe( kod_pocztowy, poczta ) VALUES ( '52-415','Wolbrom' ); 
INSERT INTO ksiegarnia_internetowa.kody_pocztowe( kod_pocztowy, poczta ) VALUES ( '82-216','Torzym' ); 
INSERT INTO ksiegarnia_internetowa.kody_pocztowe( kod_pocztowy, poczta ) VALUES ( '14-413','Trzcinsko-Zdroj' ); 
INSERT INTO ksiegarnia_internetowa.kody_pocztowe( kod_pocztowy, poczta ) VALUES ( '72-616','Blonie' ); 
INSERT INTO ksiegarnia_internetowa.kody_pocztowe( kod_pocztowy, poczta ) VALUES ( '05-087','Blonie' ); 
INSERT INTO ksiegarnia_internetowa.kody_pocztowe( kod_pocztowy, poczta ) VALUES ( '64-489','Trzebiatow' ); 
INSERT INTO ksiegarnia_internetowa.kody_pocztowe( kod_pocztowy, poczta ) VALUES ( '31-455','Wolomin' ); 
INSERT INTO ksiegarnia_internetowa.kody_pocztowe( kod_pocztowy, poczta ) VALUES ( '65-270','Lidzbark Warminski' ); 
INSERT INTO ksiegarnia_internetowa.kody_pocztowe( kod_pocztowy, poczta ) VALUES ( '94-453','Stawiszyn' ); 
INSERT INTO ksiegarnia_internetowa.kody_pocztowe( kod_pocztowy, poczta ) VALUES ( '16-534','Strzelce Opolskie' ); 
INSERT INTO ksiegarnia_internetowa.kody_pocztowe( kod_pocztowy, poczta ) VALUES ( '65-024','Trzciel' ); 
INSERT INTO ksiegarnia_internetowa.kody_pocztowe( kod_pocztowy, poczta ) VALUES ( '27-717','Wroclaw' ); 
INSERT INTO ksiegarnia_internetowa.kody_pocztowe( kod_pocztowy, poczta ) VALUES ( '55-681','Trzebinia' ); 
INSERT INTO ksiegarnia_internetowa.kody_pocztowe( kod_pocztowy, poczta ) VALUES ( '25-159','Nowe Miasto Lubawskie' ); 
INSERT INTO ksiegarnia_internetowa.kody_pocztowe( kod_pocztowy, poczta ) VALUES ( '44-810','Stepnica' ); 
INSERT INTO ksiegarnia_internetowa.kody_pocztowe( kod_pocztowy, poczta ) VALUES ( '56-077','Strzelce Opolskie' ); 
INSERT INTO ksiegarnia_internetowa.kody_pocztowe( kod_pocztowy, poczta ) VALUES ( '37-726','Wojcieszow' ); 
INSERT INTO ksiegarnia_internetowa.kody_pocztowe( kod_pocztowy, poczta ) VALUES ( '45-152','Wrzesnia' ); 

INSERT INTO ksiegarnia_internetowa.ksiazki( isbn, tytul, wydawnictwo, rocznik, wydanie ) VALUES ( '6895047952','Statues Of The Hunt', 59, 1954, 46 ); 
INSERT INTO ksiegarnia_internetowa.ksiazki( isbn, tytul, wydawnictwo, rocznik, wydanie ) VALUES ( '3701043663','Poop Plan', 8, 1952, 40 ); 
INSERT INTO ksiegarnia_internetowa.ksiazki( isbn, tytul, wydawnictwo, rocznik, wydanie ) VALUES ( '3875193242','Muted By Time', 113, 2014, 46 ); 
INSERT INTO ksiegarnia_internetowa.ksiazki( isbn, tytul, wydawnictwo, rocznik, wydanie ) VALUES ( '3522977451','Confused By The Fool', 3, 1960, 38 ); 
INSERT INTO ksiegarnia_internetowa.ksiazki( isbn, tytul, wydawnictwo, rocznik, wydanie ) VALUES ( '6393470482','Swindlers Of The Prison', 6, 1986, 47 ); 
INSERT INTO ksiegarnia_internetowa.ksiazki( isbn, tytul, wydawnictwo, rocznik, wydanie ) VALUES ( '6505377020','Buffoon Delusion', 48, 2016, 41 ); 
INSERT INTO ksiegarnia_internetowa.ksiazki( isbn, tytul, wydawnictwo, rocznik, wydanie ) VALUES ( '6523244116','Hunters And Boys', 42, 1960, 10 ); 
INSERT INTO ksiegarnia_internetowa.ksiazki( isbn, tytul, wydawnictwo, rocznik, wydanie ) VALUES ( '0523633769','Butchers Of Fortune', 67, 1956, 37 ); 
INSERT INTO ksiegarnia_internetowa.ksiazki( isbn, tytul, wydawnictwo, rocznik, wydanie ) VALUES ( '8388654122','Injury Of The City', 57, 1980, 14 ); 
INSERT INTO ksiegarnia_internetowa.ksiazki( isbn, tytul, wydawnictwo, rocznik, wydanie ) VALUES ( '0815834759','Admiring The Apocolypse', 5, 1978, 12 ); 
INSERT INTO ksiegarnia_internetowa.ksiazki( isbn, tytul, wydawnictwo, rocznik, wydanie ) VALUES ( '0623422718','Lights At The Hospital', 69, 1969, 40 ); 
INSERT INTO ksiegarnia_internetowa.ksiazki( isbn, tytul, wydawnictwo, rocznik, wydanie ) VALUES ( '2476312570','Sounds In The Crypts', 29, 1996, 45 ); 
INSERT INTO ksiegarnia_internetowa.ksiazki( isbn, tytul, wydawnictwo, rocznik, wydanie ) VALUES ( '6272515348','Goddess Of A Shadow', 14, 1978, 44 ); 
INSERT INTO ksiegarnia_internetowa.ksiazki( isbn, tytul, wydawnictwo, rocznik, wydanie ) VALUES ( '5648618374','Dishonor Of The River', 12, 1958, 11 ); 
INSERT INTO ksiegarnia_internetowa.ksiazki( isbn, tytul, wydawnictwo, rocznik, wydanie ) VALUES ( '2723947168','Wives During Full Moon', 3, 2000, 16 ); 
INSERT INTO ksiegarnia_internetowa.ksiazki( isbn, tytul, wydawnictwo, rocznik, wydanie ) VALUES ( '6536417767','Spiders And Amphibians', 17, 1984, 15 ); 
INSERT INTO ksiegarnia_internetowa.ksiazki( isbn, tytul, wydawnictwo, rocznik, wydanie ) VALUES ( '6442833247','Imps And Rats', 6, 1984, 40 ); 
INSERT INTO ksiegarnia_internetowa.ksiazki( isbn, tytul, wydawnictwo, rocznik, wydanie ) VALUES ( '1581776073','Lord Of A Stranger', 15, 1983, 17 ); 
INSERT INTO ksiegarnia_internetowa.ksiazki( isbn, tytul, wydawnictwo, rocznik, wydanie ) VALUES ( '8833646426','Blood In The Cabin', 6, 1972, 36 ); 
INSERT INTO ksiegarnia_internetowa.ksiazki( isbn, tytul, wydawnictwo, rocznik, wydanie ) VALUES ( '2868647371','Girl With Stunts', 30, 1953, 3 ); 
INSERT INTO ksiegarnia_internetowa.ksiazki( isbn, tytul, wydawnictwo, rocznik, wydanie ) VALUES ( '2621529756','Helpful Your Family', 92, 1999, 27 ); 
INSERT INTO ksiegarnia_internetowa.ksiazki( isbn, tytul, wydawnictwo, rocznik, wydanie ) VALUES ( '5876444420','Fish Program', 41, 1987, 31 ); 
INSERT INTO ksiegarnia_internetowa.ksiazki( isbn, tytul, wydawnictwo, rocznik, wydanie ) VALUES ( '2415828216','Ghosts In The Attic', 106, 1953, 43 ); 
INSERT INTO ksiegarnia_internetowa.ksiazki( isbn, tytul, wydawnictwo, rocznik, wydanie ) VALUES ( '1444137276','Wolves Of The Night', 50, 1956, 25 ); 
INSERT INTO ksiegarnia_internetowa.ksiazki( isbn, tytul, wydawnictwo, rocznik, wydanie ) VALUES ( '1615167205','Rain Of The Chasm', 20, 1987, 25 ); 
INSERT INTO ksiegarnia_internetowa.ksiazki( isbn, tytul, wydawnictwo, rocznik, wydanie ) VALUES ( '3174556562','Antics Adventure', 20, 1969, 41 ); 
INSERT INTO ksiegarnia_internetowa.ksiazki( isbn, tytul, wydawnictwo, rocznik, wydanie ) VALUES ( '7094445316','Friends And Teachers', 67, 1998, 22 ); 
INSERT INTO ksiegarnia_internetowa.ksiazki( isbn, tytul, wydawnictwo, rocznik, wydanie ) VALUES ( '2534658024','Ready For The Elements', 11, 2014, 9 ); 
INSERT INTO ksiegarnia_internetowa.ksiazki( isbn, tytul, wydawnictwo, rocznik, wydanie ) VALUES ( '2747175586','Drinking At The World', 19, 1955, 33 ); 
INSERT INTO ksiegarnia_internetowa.ksiazki( isbn, tytul, wydawnictwo, rocznik, wydanie ) VALUES ( '8125015944','Girl And Rat', 76, 1967, 19 ); 
INSERT INTO ksiegarnia_internetowa.ksiazki( isbn, tytul, wydawnictwo, rocznik, wydanie ) VALUES ( '3747264531','Officer Of Jokes', 3, 1983, 41 ); 
INSERT INTO ksiegarnia_internetowa.ksiazki( isbn, tytul, wydawnictwo, rocznik, wydanie ) VALUES ( '7383538447','Mischief With Stunts', 71, 1993, 42 ); 
INSERT INTO ksiegarnia_internetowa.ksiazki( isbn, tytul, wydawnictwo, rocznik, wydanie ) VALUES ( '6687336541','Influence Of Exploration', 4, 2001, 15 ); 
INSERT INTO ksiegarnia_internetowa.ksiazki( isbn, tytul, wydawnictwo, rocznik, wydanie ) VALUES ( '4573398681','Advancement Of Men', 79, 1950, 37 ); 
INSERT INTO ksiegarnia_internetowa.ksiazki( isbn, tytul, wydawnictwo, rocznik, wydanie ) VALUES ( '2548623757','Anger Of The Sea', 113, 2015, 1 ); 
INSERT INTO ksiegarnia_internetowa.ksiazki( isbn, tytul, wydawnictwo, rocznik, wydanie ) VALUES ( '9234819316','Hawk With Honor', 21, 2007, 8 ); 
INSERT INTO ksiegarnia_internetowa.ksiazki( isbn, tytul, wydawnictwo, rocznik, wydanie ) VALUES ( '8012109871','Lord Of Fire', 88, 2010, 34 ); 
INSERT INTO ksiegarnia_internetowa.ksiazki( isbn, tytul, wydawnictwo, rocznik, wydanie ) VALUES ( '7236138477','Memories Of The Champions', 97, 1980, 32 ); 
INSERT INTO ksiegarnia_internetowa.ksiazki( isbn, tytul, wydawnictwo, rocznik, wydanie ) VALUES ( '1509403455','Guardians And Spiders', 4, 1951, 46 ); 
INSERT INTO ksiegarnia_internetowa.ksiazki( isbn, tytul, wydawnictwo, rocznik, wydanie ) VALUES ( '8271916723','Freaks Of Yesterday', 20, 1973, 13 ); 
INSERT INTO ksiegarnia_internetowa.ksiazki( isbn, tytul, wydawnictwo, rocznik, wydanie ) VALUES ( '1215094748','Mischief In The Window', 13, 1950, 27 ); 
INSERT INTO ksiegarnia_internetowa.ksiazki( isbn, tytul, wydawnictwo, rocznik, wydanie ) VALUES ( '8444612204','Friends And Imps', 46, 1958, 42 ); 
INSERT INTO ksiegarnia_internetowa.ksiazki( isbn, tytul, wydawnictwo, rocznik, wydanie ) VALUES ( '1618507727','Bearer Of Dawn', 106, 1968, 9 ); 
INSERT INTO ksiegarnia_internetowa.ksiazki( isbn, tytul, wydawnictwo, rocznik, wydanie ) VALUES ( '3747674218','Baker Of Humor', 36, 1977, 43 ); 
INSERT INTO ksiegarnia_internetowa.ksiazki( isbn, tytul, wydawnictwo, rocznik, wydanie ) VALUES ( '4763685832','Foreigner Plan', 49, 2015, 36 ); 
INSERT INTO ksiegarnia_internetowa.ksiazki( isbn, tytul, wydawnictwo, rocznik, wydanie ) VALUES ( '9317523760','Enemies And Witches', 88, 1953, 31 ); 
INSERT INTO ksiegarnia_internetowa.ksiazki( isbn, tytul, wydawnictwo, rocznik, wydanie ) VALUES ( '1943315230','Woman Plan', 8, 1972, 34 ); 
INSERT INTO ksiegarnia_internetowa.ksiazki( isbn, tytul, wydawnictwo, rocznik, wydanie ) VALUES ( '7143613460','Politicians With Skills', 2, 1993, 37 ); 
INSERT INTO ksiegarnia_internetowa.ksiazki( isbn, tytul, wydawnictwo, rocznik, wydanie ) VALUES ( '2864655916','Secrets In The Library', 67, 2017, 8 ); 
INSERT INTO ksiegarnia_internetowa.ksiazki( isbn, tytul, wydawnictwo, rocznik, wydanie ) VALUES ( '3483245128','Foreigners And Humans', 31, 1982, 27 ); 
INSERT INTO ksiegarnia_internetowa.ksiazki( isbn, tytul, wydawnictwo, rocznik, wydanie ) VALUES ( '5425315840','Horror Without Eyes', 12, 2001, 2 ); 
INSERT INTO ksiegarnia_internetowa.ksiazki( isbn, tytul, wydawnictwo, rocznik, wydanie ) VALUES ( '6675611845','Chasing The Town', 19, 2012, 35 ); 
INSERT INTO ksiegarnia_internetowa.ksiazki( isbn, tytul, wydawnictwo, rocznik, wydanie ) VALUES ( '8851775655','Companion Prophecy', 67, 1999, 28 ); 
INSERT INTO ksiegarnia_internetowa.ksiazki( isbn, tytul, wydawnictwo, rocznik, wydanie ) VALUES ( '7711381474','Abandoned By The South', 51, 1997, 4 ); 
INSERT INTO ksiegarnia_internetowa.ksiazki( isbn, tytul, wydawnictwo, rocznik, wydanie ) VALUES ( '2845929541','Intent Of Nature', 46, 1952, 14 ); 
INSERT INTO ksiegarnia_internetowa.ksiazki( isbn, tytul, wydawnictwo, rocznik, wydanie ) VALUES ( '5776458528','Thieves And Doctors', 20, 1981, 43 ); 
INSERT INTO ksiegarnia_internetowa.ksiazki( isbn, tytul, wydawnictwo, rocznik, wydanie ) VALUES ( '5246516367','Harmony Of The Rivers', 24, 1967, 27 ); 
INSERT INTO ksiegarnia_internetowa.ksiazki( isbn, tytul, wydawnictwo, rocznik, wydanie ) VALUES ( '1922173031','Hatred Of The River', 1, 1988, 17 ); 
INSERT INTO ksiegarnia_internetowa.ksiazki( isbn, tytul, wydawnictwo, rocznik, wydanie ) VALUES ( '5744744464','Whispers In The Angels', 37, 1958, 9 ); 
INSERT INTO ksiegarnia_internetowa.ksiazki( isbn, tytul, wydawnictwo, rocznik, wydanie ) VALUES ( '7306532738','Whispers Of The Forest', 9, 1997, 39 ); 
INSERT INTO ksiegarnia_internetowa.ksiazki( isbn, tytul, wydawnictwo, rocznik, wydanie ) VALUES ( '3755465478','Soldier Abroad', 49, 1981, 38 ); 
INSERT INTO ksiegarnia_internetowa.ksiazki( isbn, tytul, wydawnictwo, rocznik, wydanie ) VALUES ( '3682171021','Zombies In The Abandoned House', 29, 1998, 2 ); 
INSERT INTO ksiegarnia_internetowa.ksiazki( isbn, tytul, wydawnictwo, rocznik, wydanie ) VALUES ( '5936727738','Leaders Per Country', 14, 1957, 5 ); 
INSERT INTO ksiegarnia_internetowa.ksiazki( isbn, tytul, wydawnictwo, rocznik, wydanie ) VALUES ( '2585304726','Curse Of The South', 62, 1980, 5 ); 
INSERT INTO ksiegarnia_internetowa.ksiazki( isbn, tytul, wydawnictwo, rocznik, wydanie ) VALUES ( '7221147221','Horses And Vultures', 1, 1970, 37 ); 
INSERT INTO ksiegarnia_internetowa.ksiazki( isbn, tytul, wydawnictwo, rocznik, wydanie ) VALUES ( '7593067241','Spices Of The East', 67, 1967, 35 ); 
INSERT INTO ksiegarnia_internetowa.ksiazki( isbn, tytul, wydawnictwo, rocznik, wydanie ) VALUES ( '6287460147','Pilots And Captains', 29, 1965, 8 ); 
INSERT INTO ksiegarnia_internetowa.ksiazki( isbn, tytul, wydawnictwo, rocznik, wydanie ) VALUES ( '3623778789','Queens Of The Caves', 59, 2012, 1 ); 
INSERT INTO ksiegarnia_internetowa.ksiazki( isbn, tytul, wydawnictwo, rocznik, wydanie ) VALUES ( '2211724122','Source Without Faith', 14, 1979, 48 ); 
INSERT INTO ksiegarnia_internetowa.ksiazki( isbn, tytul, wydawnictwo, rocznik, wydanie ) VALUES ( '2575398172','Rise Of The World', 16, 1995, 14 ); 
INSERT INTO ksiegarnia_internetowa.ksiazki( isbn, tytul, wydawnictwo, rocznik, wydanie ) VALUES ( '8294145881','Grave Of The Void', 90, 2001, 38 ); 
INSERT INTO ksiegarnia_internetowa.ksiazki( isbn, tytul, wydawnictwo, rocznik, wydanie ) VALUES ( '6228446011','Singing In The Castle', 9, 1954, 49 ); 
INSERT INTO ksiegarnia_internetowa.ksiazki( isbn, tytul, wydawnictwo, rocznik, wydanie ) VALUES ( '1438932151','Renewal Of The Dungeons', 41, 1957, 49 ); 
INSERT INTO ksiegarnia_internetowa.ksiazki( isbn, tytul, wydawnictwo, rocznik, wydanie ) VALUES ( '1309416513','Destiny Of The Intruders', 90, 1993, 5 ); 
INSERT INTO ksiegarnia_internetowa.ksiazki( isbn, tytul, wydawnictwo, rocznik, wydanie ) VALUES ( '3317254575','Vultures With Immortality', 12, 1971, 19 ); 
INSERT INTO ksiegarnia_internetowa.ksiazki( isbn, tytul, wydawnictwo, rocznik, wydanie ) VALUES ( '4784361046','Boy With Black Hair', 11, 1994, 23 ); 
INSERT INTO ksiegarnia_internetowa.ksiazki( isbn, tytul, wydawnictwo, rocznik, wydanie ) VALUES ( '8686342526','Help Of The Mountains', 1, 1973, 49 ); 
INSERT INTO ksiegarnia_internetowa.ksiazki( isbn, tytul, wydawnictwo, rocznik, wydanie ) VALUES ( '4088983482','Child In My School', 46, 1972, 5 ); 
INSERT INTO ksiegarnia_internetowa.ksiazki( isbn, tytul, wydawnictwo, rocznik, wydanie ) VALUES ( '7766281412','Teacher Who Smiles', 36, 1996, 29 ); 
INSERT INTO ksiegarnia_internetowa.ksiazki( isbn, tytul, wydawnictwo, rocznik, wydanie ) VALUES ( '5958887045','Suitors And Husbands', 50, 1971, 42 ); 
INSERT INTO ksiegarnia_internetowa.ksiazki( isbn, tytul, wydawnictwo, rocznik, wydanie ) VALUES ( '2606176244','Favor Of The Void Of Space', 59, 1987, 40 ); 
INSERT INTO ksiegarnia_internetowa.ksiazki( isbn, tytul, wydawnictwo, rocznik, wydanie ) VALUES ( '8118024957','Poems Of Tomorrow', 4, 2010, 6 ); 
INSERT INTO ksiegarnia_internetowa.ksiazki( isbn, tytul, wydawnictwo, rocznik, wydanie ) VALUES ( '5155752624','Foreigners In The Basement', 97, 2000, 20 ); 
INSERT INTO ksiegarnia_internetowa.ksiazki( isbn, tytul, wydawnictwo, rocznik, wydanie ) VALUES ( '3254257282','Fairy Of Spring', 8, 1967, 10 ); 
INSERT INTO ksiegarnia_internetowa.ksiazki( isbn, tytul, wydawnictwo, rocznik, wydanie ) VALUES ( '2618688327','Kings And Ogres', 51, 1976, 9 ); 
INSERT INTO ksiegarnia_internetowa.ksiazki( isbn, tytul, wydawnictwo, rocznik, wydanie ) VALUES ( '1147047734','Pirates Of The North', 4, 2016, 34 ); 
INSERT INTO ksiegarnia_internetowa.ksiazki( isbn, tytul, wydawnictwo, rocznik, wydanie ) VALUES ( '1683033631','Nation Of Winter', 59, 1967, 6 ); 
INSERT INTO ksiegarnia_internetowa.ksiazki( isbn, tytul, wydawnictwo, rocznik, wydanie ) VALUES ( '2373171042','Growls In My School', 23, 2010, 17 ); 
INSERT INTO ksiegarnia_internetowa.ksiazki( isbn, tytul, wydawnictwo, rocznik, wydanie ) VALUES ( '2061146161','Rebel And Horse', 31, 1963, 44 ); 
INSERT INTO ksiegarnia_internetowa.ksiazki( isbn, tytul, wydawnictwo, rocznik, wydanie ) VALUES ( '2758712733','Stranger Of The Orbit', 8, 1989, 8 ); 
INSERT INTO ksiegarnia_internetowa.ksiazki( isbn, tytul, wydawnictwo, rocznik, wydanie ) VALUES ( '2151253505','Fires Of The South', 12, 1981, 13 ); 
INSERT INTO ksiegarnia_internetowa.ksiazki( isbn, tytul, wydawnictwo, rocznik, wydanie ) VALUES ( '4524108284','Young In Light', 106, 1996, 33 ); 
INSERT INTO ksiegarnia_internetowa.ksiazki( isbn, tytul, wydawnictwo, rocznik, wydanie ) VALUES ( '3727722433','Pests Of Science', 30, 1986, 48 ); 
INSERT INTO ksiegarnia_internetowa.ksiazki( isbn, tytul, wydawnictwo, rocznik, wydanie ) VALUES ( '4125682636','Companions Of Animals', 28, 1976, 8 ); 
INSERT INTO ksiegarnia_internetowa.ksiazki( isbn, tytul, wydawnictwo, rocznik, wydanie ) VALUES ( '5165447885','Dangers Of Aliens', 97, 1977, 19 ); 
INSERT INTO ksiegarnia_internetowa.ksiazki( isbn, tytul, wydawnictwo, rocznik, wydanie ) VALUES ( '1766350739','Guardians Of Our Culture', 13, 2012, 46 ); 
INSERT INTO ksiegarnia_internetowa.ksiazki( isbn, tytul, wydawnictwo, rocznik, wydanie ) VALUES ( '2253533631','Pleasing The Plague', 48, 2014, 35 ); 
INSERT INTO ksiegarnia_internetowa.ksiazki( isbn, tytul, wydawnictwo, rocznik, wydanie ) VALUES ( '7666678083','Map Of The Forest', 35, 1962, 30 ); 
INSERT INTO ksiegarnia_internetowa.ksiazki( isbn, tytul, wydawnictwo, rocznik, wydanie ) VALUES ( '0398625886','God In My Town', 13, 2005, 17 ); 
INSERT INTO ksiegarnia_internetowa.ksiazki( isbn, tytul, wydawnictwo, rocznik, wydanie ) VALUES ( '2424056778','Perfection Of My Imagination', 79, 1996, 37 ); 

INSERT INTO ksiegarnia_internetowa.adresy( id, ulica, miasto, kod_pocztowy, numer_domu, numer_mieszkania ) VALUES ( 1, 'Nowy swiat','Wyszogrod','42-718', 2191, 36 ); 
INSERT INTO ksiegarnia_internetowa.adresy( id, ulica, miasto, kod_pocztowy, numer_domu, numer_mieszkania ) VALUES ( 2, 'Dluga','Koronowo','67-611', 2756, 98 ); 
INSERT INTO ksiegarnia_internetowa.adresy( id, ulica, miasto, kod_pocztowy, numer_domu, numer_mieszkania ) VALUES ( 3, 'R. Mielczarskiego','Nowe Miasteczko','28-631', 2755, 165 ); 
INSERT INTO ksiegarnia_internetowa.adresy( id, ulica, miasto, kod_pocztowy, numer_domu, numer_mieszkania ) VALUES ( 4, 'Mala Zgoda','Wolborz','17-429', 2038, 139 ); 
INSERT INTO ksiegarnia_internetowa.adresy( id, ulica, miasto, kod_pocztowy, numer_domu, numer_mieszkania ) VALUES ( 5, 'Silniczna','Konskie','80-523', 235, 69 ); 
INSERT INTO ksiegarnia_internetowa.adresy( id, ulica, miasto, kod_pocztowy, numer_domu, numer_mieszkania ) VALUES ( 6, null, 'Pniewy','60-523', 74, 44 ); 
INSERT INTO ksiegarnia_internetowa.adresy( id, ulica, miasto, kod_pocztowy, numer_domu, numer_mieszkania ) VALUES ( 7, 'Turystyczna','Bobowa','28-776', 2097, 146 ); 
INSERT INTO ksiegarnia_internetowa.adresy( id, ulica, miasto, kod_pocztowy, numer_domu, numer_mieszkania ) VALUES ( 8, 'Ptasia','Wolin','61-798', 2414, 45 ); 
INSERT INTO ksiegarnia_internetowa.adresy( id, ulica, miasto, kod_pocztowy, numer_domu, numer_mieszkania ) VALUES ( 9, 'Jeziorko','Kolaczyce','56-232', 453, 5 ); 
INSERT INTO ksiegarnia_internetowa.adresy( id, ulica, miasto, kod_pocztowy, numer_domu, numer_mieszkania ) VALUES ( 10, 'Gipsowa','Plonsk','11-562', 2773, 79 ); 
INSERT INTO ksiegarnia_internetowa.adresy( id, ulica, miasto, kod_pocztowy, numer_domu, numer_mieszkania ) VALUES ( 11, 'Krzemionkowa','Kolobrzeg','72-616', 2291, 133 ); 
INSERT INTO ksiegarnia_internetowa.adresy( id, ulica, miasto, kod_pocztowy, numer_domu, numer_mieszkania ) VALUES ( 12, 'Helenowek','Pobiedziska','52-415', 10, 57 ); 
INSERT INTO ksiegarnia_internetowa.adresy( id, ulica, miasto, kod_pocztowy, numer_domu, numer_mieszkania ) VALUES ( 13, 'Chrobrego','Konskie','43-293', 2209, 12 ); 
INSERT INTO ksiegarnia_internetowa.adresy( id, ulica, miasto, kod_pocztowy, numer_domu, numer_mieszkania ) VALUES ( 14, 'Rybna','Trzcinsko-Zdroj','78-763', 2868, 102 ); 
INSERT INTO ksiegarnia_internetowa.adresy( id, ulica, miasto, kod_pocztowy, numer_domu, numer_mieszkania ) VALUES ( 15, 'Sybirakow','Wyrzysk','17-429', 2470, null ); 
INSERT INTO ksiegarnia_internetowa.adresy( id, ulica, miasto, kod_pocztowy, numer_domu, numer_mieszkania ) VALUES ( 16, 'J. Tuwima','Koluszki','67-875', 566, 8 ); 
INSERT INTO ksiegarnia_internetowa.adresy( id, ulica, miasto, kod_pocztowy, numer_domu, numer_mieszkania ) VALUES ( 17, '1 Maja','Wolborz','73-128', 978, 167 ); 
INSERT INTO ksiegarnia_internetowa.adresy( id, ulica, miasto, kod_pocztowy, numer_domu, numer_mieszkania ) VALUES ( 18, null, 'Trzcinsko-Zdroj','91-789', 2254, 71 ); 
INSERT INTO ksiegarnia_internetowa.adresy( id, ulica, miasto, kod_pocztowy, numer_domu, numer_mieszkania ) VALUES ( 19, 'Mariana Raciborskiego','Wolsztyn','05-087', 841, 95 ); 
INSERT INTO ksiegarnia_internetowa.adresy( id, ulica, miasto, kod_pocztowy, numer_domu, numer_mieszkania ) VALUES ( 20, 'Daleka','Wronki','45-152', 690, 70 ); 
INSERT INTO ksiegarnia_internetowa.adresy( id, ulica, miasto, kod_pocztowy, numer_domu, numer_mieszkania ) VALUES ( 21, 'zabia','Plonsk','46-537', 2422, 125 ); 
INSERT INTO ksiegarnia_internetowa.adresy( id, ulica, miasto, kod_pocztowy, numer_domu, numer_mieszkania ) VALUES ( 22, 'Starogorska','Poddebice','65-024', 2277, 7 ); 
INSERT INTO ksiegarnia_internetowa.adresy( id, ulica, miasto, kod_pocztowy, numer_domu, numer_mieszkania ) VALUES ( 23, 'Jaskolcza','Polaniec','72-616', 2344, 32 ); 
INSERT INTO ksiegarnia_internetowa.adresy( id, ulica, miasto, kod_pocztowy, numer_domu, numer_mieszkania ) VALUES ( 24, null, 'Limanowa','25-159', 2679, 8 ); 
INSERT INTO ksiegarnia_internetowa.adresy( id, ulica, miasto, kod_pocztowy, numer_domu, numer_mieszkania ) VALUES ( 25, 'Zygmunta Kwasa','Wojnicz','41-621', 1572, 193 ); 
INSERT INTO ksiegarnia_internetowa.adresy( id, ulica, miasto, kod_pocztowy, numer_domu, numer_mieszkania ) VALUES ( 26, null, 'Konskie','63-722', 154, 166 ); 
INSERT INTO ksiegarnia_internetowa.adresy( id, ulica, miasto, kod_pocztowy, numer_domu, numer_mieszkania ) VALUES ( 27, 'swietojanska','Staszow','23-471', 1040, 160 ); 
INSERT INTO ksiegarnia_internetowa.adresy( id, ulica, miasto, kod_pocztowy, numer_domu, numer_mieszkania ) VALUES ( 28, 'Elizy Orzeszkowej','Koprzywnica','56-232', 1440, 55 ); 
INSERT INTO ksiegarnia_internetowa.adresy( id, ulica, miasto, kod_pocztowy, numer_domu, numer_mieszkania ) VALUES ( 29, 'Daleszycka','Polkowice','52-424', 2719, 94 ); 
INSERT INTO ksiegarnia_internetowa.adresy( id, ulica, miasto, kod_pocztowy, numer_domu, numer_mieszkania ) VALUES ( 30, 'Przelot','Nowa Sol','27-717', 1711, 95 ); 
INSERT INTO ksiegarnia_internetowa.adresy( id, ulica, miasto, kod_pocztowy, numer_domu, numer_mieszkania ) VALUES ( 31, 'Z. Kwasa','Kolobrzeg','56-373', 1673, null ); 
INSERT INTO ksiegarnia_internetowa.adresy( id, ulica, miasto, kod_pocztowy, numer_domu, numer_mieszkania ) VALUES ( 32, 'Kusocinskiego','Korfantow','40-324', 1715, 171 ); 
INSERT INTO ksiegarnia_internetowa.adresy( id, ulica, miasto, kod_pocztowy, numer_domu, numer_mieszkania ) VALUES ( 33, 'J. Kaminskiego','Koronowo','93-704', 2692, 60 ); 
INSERT INTO ksiegarnia_internetowa.adresy( id, ulica, miasto, kod_pocztowy, numer_domu, numer_mieszkania ) VALUES ( 34, 'Zagnanska','Polczyn-Zdroj','47-581', 643, 167 ); 
INSERT INTO ksiegarnia_internetowa.adresy( id, ulica, miasto, kod_pocztowy, numer_domu, numer_mieszkania ) VALUES ( 35, null, 'Polanica-Zdroj','65-024', 970, 113 ); 
INSERT INTO ksiegarnia_internetowa.adresy( id, ulica, miasto, kod_pocztowy, numer_domu, numer_mieszkania ) VALUES ( 36, 'Konarskiego','Lipno','22-774', 444, 37 ); 
INSERT INTO ksiegarnia_internetowa.adresy( id, ulica, miasto, kod_pocztowy, numer_domu, numer_mieszkania ) VALUES ( 37, 'Skowronki','Nowa Sol','11-562', 2042, 76 ); 
INSERT INTO ksiegarnia_internetowa.adresy( id, ulica, miasto, kod_pocztowy, numer_domu, numer_mieszkania ) VALUES ( 38, 'Hetmana J. Tarnowskiego','Koniecpol','42-718', 2809, 188 ); 
INSERT INTO ksiegarnia_internetowa.adresy( id, ulica, miasto, kod_pocztowy, numer_domu, numer_mieszkania ) VALUES ( 39, 'plk. St. Dabka','Wyszkow','44-272', 1685, 18 ); 
INSERT INTO ksiegarnia_internetowa.adresy( id, ulica, miasto, kod_pocztowy, numer_domu, numer_mieszkania ) VALUES ( 40, 'Chlopska','Blazowa','64-489', 877, 115 ); 
INSERT INTO ksiegarnia_internetowa.adresy( id, ulica, miasto, kod_pocztowy, numer_domu, numer_mieszkania ) VALUES ( 41, 'Transportowcow','Wloszczowa','23-471', 2440, null ); 
INSERT INTO ksiegarnia_internetowa.adresy( id, ulica, miasto, kod_pocztowy, numer_domu, numer_mieszkania ) VALUES ( 42, 'Tektoniczna','Lipsk','65-270', 1006, 155 ); 
INSERT INTO ksiegarnia_internetowa.adresy( id, ulica, miasto, kod_pocztowy, numer_domu, numer_mieszkania ) VALUES ( 43, 'Sokola','Kolo','15-347', 2165, 184 ); 
INSERT INTO ksiegarnia_internetowa.adresy( id, ulica, miasto, kod_pocztowy, numer_domu, numer_mieszkania ) VALUES ( 45, 'Sabinowek','Wolborz','88-364', 2150, 90 ); 
INSERT INTO ksiegarnia_internetowa.adresy( id, ulica, miasto, kod_pocztowy, numer_domu, numer_mieszkania ) VALUES ( 46, 'lysogorska','Wolsztyn','82-414', 171, 3 ); 
INSERT INTO ksiegarnia_internetowa.adresy( id, ulica, miasto, kod_pocztowy, numer_domu, numer_mieszkania ) VALUES ( 47, 'Tatrzanska','Stawiszyn','80-523', 1351, 24 ); 
INSERT INTO ksiegarnia_internetowa.adresy( id, ulica, miasto, kod_pocztowy, numer_domu, numer_mieszkania ) VALUES ( 48, 'Obroncow Westerplatte','Wolow','40-324', 1599, 194 ); 
INSERT INTO ksiegarnia_internetowa.adresy( id, ulica, miasto, kod_pocztowy, numer_domu, numer_mieszkania ) VALUES ( 49, 'Zamojska','Korfantow','37-020', 1870, null ); 
INSERT INTO ksiegarnia_internetowa.adresy( id, ulica, miasto, kod_pocztowy, numer_domu, numer_mieszkania ) VALUES ( 50, 'Dzialkowa','Nowa Sol','78-763', 2066, 17 ); 
INSERT INTO ksiegarnia_internetowa.adresy( id, ulica, miasto, kod_pocztowy, numer_domu, numer_mieszkania ) VALUES ( 51, 'Faldowa','Lipno','39-625', 2594, 13 ); 
INSERT INTO ksiegarnia_internetowa.adresy( id, ulica, miasto, kod_pocztowy, numer_domu, numer_mieszkania ) VALUES ( 52, 'Grenadierow','Korfantow','60-863', 1512, 154 ); 
INSERT INTO ksiegarnia_internetowa.adresy( id, ulica, miasto, kod_pocztowy, numer_domu, numer_mieszkania ) VALUES ( 53, 'Ksiedza Stanislawa Konarskiego','Wodzislaw slaski','23-471', 1495, 93 ); 
INSERT INTO ksiegarnia_internetowa.adresy( id, ulica, miasto, kod_pocztowy, numer_domu, numer_mieszkania ) VALUES ( 54, 'Czestochowska','Strumien','65-270', 2190, 13 ); 
INSERT INTO ksiegarnia_internetowa.adresy( id, ulica, miasto, kod_pocztowy, numer_domu, numer_mieszkania ) VALUES ( 55, 'Tatrzanska','Lipno','63-769', 2501, 115 ); 
INSERT INTO ksiegarnia_internetowa.adresy( id, ulica, miasto, kod_pocztowy, numer_domu, numer_mieszkania ) VALUES ( 56, 'Zygmunta Kwasa','Wolin','56-373', 1303, 33 ); 
INSERT INTO ksiegarnia_internetowa.adresy( id, ulica, miasto, kod_pocztowy, numer_domu, numer_mieszkania ) VALUES ( 57, null, 'Wolbrom','03-142', 490, 61 ); 
INSERT INTO ksiegarnia_internetowa.adresy( id, ulica, miasto, kod_pocztowy, numer_domu, numer_mieszkania ) VALUES ( 58, 'Hetmana J. Tarnowskiego','Koronowo','52-424', 1973, 166 ); 
INSERT INTO ksiegarnia_internetowa.adresy( id, ulica, miasto, kod_pocztowy, numer_domu, numer_mieszkania ) VALUES ( 59, 'Kujawska','Torzym','83-865', 1143, 148 ); 
INSERT INTO ksiegarnia_internetowa.adresy( id, ulica, miasto, kod_pocztowy, numer_domu, numer_mieszkania ) VALUES ( 60, 'Lubrzanka','Wodzislaw slaski','28-631', 1364, 54 ); 
INSERT INTO ksiegarnia_internetowa.adresy( id, ulica, miasto, kod_pocztowy, numer_domu, numer_mieszkania ) VALUES ( 61, 'Stolarska','Trzcinsko-Zdroj','41-676', 2486, 186 ); 
INSERT INTO ksiegarnia_internetowa.adresy( id, ulica, miasto, kod_pocztowy, numer_domu, numer_mieszkania ) VALUES ( 62, 'Mineralna','Staszow','65-324', 178, 107 ); 
INSERT INTO ksiegarnia_internetowa.adresy( id, ulica, miasto, kod_pocztowy, numer_domu, numer_mieszkania ) VALUES ( 63, 'Winnicka','Pogorzela','28-864', 2511, 105 ); 
INSERT INTO ksiegarnia_internetowa.adresy( id, ulica, miasto, kod_pocztowy, numer_domu, numer_mieszkania ) VALUES ( 64, 'Podwalna','Plonsk','05-087', 1309, 102 ); 
INSERT INTO ksiegarnia_internetowa.adresy( id, ulica, miasto, kod_pocztowy, numer_domu, numer_mieszkania ) VALUES ( 65, 'Wiosenna','Wyrzysk','64-683', 1541, 92 ); 
INSERT INTO ksiegarnia_internetowa.adresy( id, ulica, miasto, kod_pocztowy, numer_domu, numer_mieszkania ) VALUES ( 66, 'lakowa','Stepnica','64-489', 912, 172 ); 
INSERT INTO ksiegarnia_internetowa.adresy( id, ulica, miasto, kod_pocztowy, numer_domu, numer_mieszkania ) VALUES ( 67, 'gen. S. Grota-Roweckiego','Bodzentyn','25-159', 1911, 9 ); 
INSERT INTO ksiegarnia_internetowa.adresy( id, ulica, miasto, kod_pocztowy, numer_domu, numer_mieszkania ) VALUES ( 68, 'Boznanskiej','Konin','93-704', 2149, 194 ); 
INSERT INTO ksiegarnia_internetowa.adresy( id, ulica, miasto, kod_pocztowy, numer_domu, numer_mieszkania ) VALUES ( 69, 'Sowia','Stawiszyn','50-160', 1126, 66 ); 
INSERT INTO ksiegarnia_internetowa.adresy( id, ulica, miasto, kod_pocztowy, numer_domu, numer_mieszkania ) VALUES ( 70, 'Piekoszowska','Koronowo','60-341', 746, 186 ); 
INSERT INTO ksiegarnia_internetowa.adresy( id, ulica, miasto, kod_pocztowy, numer_domu, numer_mieszkania ) VALUES ( 71, 'Otrocz','Wolczyn','65-641', 2210, 111 ); 
INSERT INTO ksiegarnia_internetowa.adresy( id, ulica, miasto, kod_pocztowy, numer_domu, numer_mieszkania ) VALUES ( 72, 'Jana i Jedrzeja sniadeckich','Strumien','44-085', 2030, 191 ); 
INSERT INTO ksiegarnia_internetowa.adresy( id, ulica, miasto, kod_pocztowy, numer_domu, numer_mieszkania ) VALUES ( 73, 'Brzoskwiniowa','Nowe Miasteczko','52-424', 2414, 198 ); 
INSERT INTO ksiegarnia_internetowa.adresy( id, ulica, miasto, kod_pocztowy, numer_domu, numer_mieszkania ) VALUES ( 74, 'Polna','Strzegom','25-159', 73, 96 ); 
INSERT INTO ksiegarnia_internetowa.adresy( id, ulica, miasto, kod_pocztowy, numer_domu, numer_mieszkania ) VALUES ( 75, 'zniwna','Bodzentyn','83-865', 1347, 41 ); 
INSERT INTO ksiegarnia_internetowa.adresy( id, ulica, miasto, kod_pocztowy, numer_domu, numer_mieszkania ) VALUES ( 76, 'Chorzowska','Pobiedziska','41-676', 49, 112 ); 
INSERT INTO ksiegarnia_internetowa.adresy( id, ulica, miasto, kod_pocztowy, numer_domu, numer_mieszkania ) VALUES ( 77, 'M. Strasza','Kolo','09-895', 741, 102 ); 
INSERT INTO ksiegarnia_internetowa.adresy( id, ulica, miasto, kod_pocztowy, numer_domu, numer_mieszkania ) VALUES ( 78, 'Modlinska','Nowe','27-717', 128, 127 ); 
INSERT INTO ksiegarnia_internetowa.adresy( id, ulica, miasto, kod_pocztowy, numer_domu, numer_mieszkania ) VALUES ( 79, 'Tektoniczna','Trzebiatow','38-006', 444, 196 ); 
INSERT INTO ksiegarnia_internetowa.adresy( id, ulica, miasto, kod_pocztowy, numer_domu, numer_mieszkania ) VALUES ( 80, 'Parkowa','Wyrzysk','25-159', 2350, 20 ); 
INSERT INTO ksiegarnia_internetowa.adresy( id, ulica, miasto, kod_pocztowy, numer_domu, numer_mieszkania ) VALUES ( 81, 'Ustronie','Bobowa','45-152', 322, 2 ); 
INSERT INTO ksiegarnia_internetowa.adresy( id, ulica, miasto, kod_pocztowy, numer_domu, numer_mieszkania ) VALUES ( 82, 'Jarzynowa','Wschowa','82-216', 2939, 136 ); 
INSERT INTO ksiegarnia_internetowa.adresy( id, ulica, miasto, kod_pocztowy, numer_domu, numer_mieszkania ) VALUES ( 83, 'Z. Klembowskiego','Plock','78-721', 2026, 125 ); 
INSERT INTO ksiegarnia_internetowa.adresy( id, ulica, miasto, kod_pocztowy, numer_domu, numer_mieszkania ) VALUES ( 84, null, 'Steszew','41-208', 1472, 7 ); 
INSERT INTO ksiegarnia_internetowa.adresy( id, ulica, miasto, kod_pocztowy, numer_domu, numer_mieszkania ) VALUES ( 85, 'Szwedzka','Stepnica','41-676', 2299, 160 ); 
INSERT INTO ksiegarnia_internetowa.adresy( id, ulica, miasto, kod_pocztowy, numer_domu, numer_mieszkania ) VALUES ( 86, 'Krzyzanowskiej','Strzelce Opolskie','52-415', 1899, 158 ); 
INSERT INTO ksiegarnia_internetowa.adresy( id, ulica, miasto, kod_pocztowy, numer_domu, numer_mieszkania ) VALUES ( 87, 'Silniczna','Lipiany','37-726', 1461, null ); 
INSERT INTO ksiegarnia_internetowa.adresy( id, ulica, miasto, kod_pocztowy, numer_domu, numer_mieszkania ) VALUES ( 88, 'Przyborowskiego','Wolomin','94-453', 2812, 75 ); 
INSERT INTO ksiegarnia_internetowa.adresy( id, ulica, miasto, kod_pocztowy, numer_domu, numer_mieszkania ) VALUES ( 89, 'Sadowa','Wojkowice','65-024', 2067, 93 ); 
INSERT INTO ksiegarnia_internetowa.adresy( id, ulica, miasto, kod_pocztowy, numer_domu, numer_mieszkania ) VALUES ( 90, 'Wojewodzka','Nowa Sol','64-683', 742, 85 ); 
INSERT INTO ksiegarnia_internetowa.adresy( id, ulica, miasto, kod_pocztowy, numer_domu, numer_mieszkania ) VALUES ( 91, null, 'Strumien','44-085', 1618, 36 ); 
INSERT INTO ksiegarnia_internetowa.adresy( id, ulica, miasto, kod_pocztowy, numer_domu, numer_mieszkania ) VALUES ( 92, 'Modrzejewskiej','Bobolice','52-415', 1989, 61 ); 
INSERT INTO ksiegarnia_internetowa.adresy( id, ulica, miasto, kod_pocztowy, numer_domu, numer_mieszkania ) VALUES ( 93, 'Generala Tadeusza Klimeckiego','Konstantynow lodzki','60-341', 2535, 177 ); 
INSERT INTO ksiegarnia_internetowa.adresy( id, ulica, miasto, kod_pocztowy, numer_domu, numer_mieszkania ) VALUES ( 94, 'Poleska','Wojcieszow','83-427', 293, 117 ); 
INSERT INTO ksiegarnia_internetowa.adresy( id, ulica, miasto, kod_pocztowy, numer_domu, numer_mieszkania ) VALUES ( 95, 'Spacerowa','Konstantynow lodzki','52-756', 2019, 113 ); 
INSERT INTO ksiegarnia_internetowa.adresy( id, ulica, miasto, kod_pocztowy, numer_domu, numer_mieszkania ) VALUES ( 96, 'Poslowicka','Nowa Sol','77-073', 1005, 178 ); 
INSERT INTO ksiegarnia_internetowa.adresy( id, ulica, miasto, kod_pocztowy, numer_domu, numer_mieszkania ) VALUES ( 97, 'Olszewskiego','Wloclawek','78-763', 516, 195 ); 
INSERT INTO ksiegarnia_internetowa.adresy( id, ulica, miasto, kod_pocztowy, numer_domu, numer_mieszkania ) VALUES ( 98, 'zrodlowa','Polaniec','03-763', 2626, 80 ); 
INSERT INTO ksiegarnia_internetowa.adresy( id, ulica, miasto, kod_pocztowy, numer_domu, numer_mieszkania ) VALUES ( 99, null, 'Wlodawa','87-298', 2315, 26 ); 
INSERT INTO ksiegarnia_internetowa.adresy( id, ulica, miasto, kod_pocztowy, numer_domu, numer_mieszkania ) VALUES ( 100, null, 'Nowe Miasto Lubawskie','78-721', 2202, 20 ); 
INSERT INTO ksiegarnia_internetowa.adresy( id, ulica, miasto, kod_pocztowy, numer_domu, numer_mieszkania ) VALUES ( 101, 'Owocowa','Trzcinsko-Zdroj','45-152', 1861, 197 ); 

INSERT INTO ksiegarnia_internetowa.autorzy_ksiazek( id_ksiazki, id_autora ) VALUES ( '7711381474', 6 ); 
INSERT INTO ksiegarnia_internetowa.autorzy_ksiazek( id_ksiazki, id_autora ) VALUES ( '2476312570', 6 ); 
INSERT INTO ksiegarnia_internetowa.autorzy_ksiazek( id_ksiazki, id_autora ) VALUES ( '2211724122', 6 ); 
INSERT INTO ksiegarnia_internetowa.autorzy_ksiazek( id_ksiazki, id_autora ) VALUES ( '1615167205', 5 ); 
INSERT INTO ksiegarnia_internetowa.autorzy_ksiazek( id_ksiazki, id_autora ) VALUES ( '3174556562', 5 ); 
INSERT INTO ksiegarnia_internetowa.autorzy_ksiazek( id_ksiazki, id_autora ) VALUES ( '2211724122', 5 ); 
INSERT INTO ksiegarnia_internetowa.autorzy_ksiazek( id_ksiazki, id_autora ) VALUES ( '7236138477', 10 ); 
INSERT INTO ksiegarnia_internetowa.autorzy_ksiazek( id_ksiazki, id_autora ) VALUES ( '5776458528', 10 ); 
INSERT INTO ksiegarnia_internetowa.autorzy_ksiazek( id_ksiazki, id_autora ) VALUES ( '2211724122', 10 ); 
INSERT INTO ksiegarnia_internetowa.autorzy_ksiazek( id_ksiazki, id_autora ) VALUES ( '3747264531', 38 ); 
INSERT INTO ksiegarnia_internetowa.autorzy_ksiazek( id_ksiazki, id_autora ) VALUES ( '2476312570', 38 ); 
INSERT INTO ksiegarnia_internetowa.autorzy_ksiazek( id_ksiazki, id_autora ) VALUES ( '2211724122', 38 ); 
INSERT INTO ksiegarnia_internetowa.autorzy_ksiazek( id_ksiazki, id_autora ) VALUES ( '3623778789', 8 ); 
INSERT INTO ksiegarnia_internetowa.autorzy_ksiazek( id_ksiazki, id_autora ) VALUES ( '3522977451', 8 ); 
INSERT INTO ksiegarnia_internetowa.autorzy_ksiazek( id_ksiazki, id_autora ) VALUES ( '2211724122', 8 ); 
INSERT INTO ksiegarnia_internetowa.autorzy_ksiazek( id_ksiazki, id_autora ) VALUES ( '6442833247', 99 ); 
INSERT INTO ksiegarnia_internetowa.autorzy_ksiazek( id_ksiazki, id_autora ) VALUES ( '1766350739', 99 ); 
INSERT INTO ksiegarnia_internetowa.autorzy_ksiazek( id_ksiazki, id_autora ) VALUES ( '1922173031', 28 ); 
INSERT INTO ksiegarnia_internetowa.autorzy_ksiazek( id_ksiazki, id_autora ) VALUES ( '2373171042', 28 ); 
INSERT INTO ksiegarnia_internetowa.autorzy_ksiazek( id_ksiazki, id_autora ) VALUES ( '6505377020', 73 ); 
INSERT INTO ksiegarnia_internetowa.autorzy_ksiazek( id_ksiazki, id_autora ) VALUES ( '6228446011', 74 ); 
INSERT INTO ksiegarnia_internetowa.autorzy_ksiazek( id_ksiazki, id_autora ) VALUES ( '5958887045', 73 ); 
INSERT INTO ksiegarnia_internetowa.autorzy_ksiazek( id_ksiazki, id_autora ) VALUES ( '2373171042', 74 ); 
INSERT INTO ksiegarnia_internetowa.autorzy_ksiazek( id_ksiazki, id_autora ) VALUES ( '2211724122', 99 ); 
INSERT INTO ksiegarnia_internetowa.autorzy_ksiazek( id_ksiazki, id_autora ) VALUES ( '2211724122', 28 ); 
INSERT INTO ksiegarnia_internetowa.autorzy_ksiazek( id_ksiazki, id_autora ) VALUES ( '2211724122', 73 ); 
INSERT INTO ksiegarnia_internetowa.autorzy_ksiazek( id_ksiazki, id_autora ) VALUES ( '2211724122', 74 ); 
INSERT INTO ksiegarnia_internetowa.autorzy_ksiazek( id_ksiazki, id_autora ) VALUES ( '7666678083', 43 ); 
INSERT INTO ksiegarnia_internetowa.autorzy_ksiazek( id_ksiazki, id_autora ) VALUES ( '6895047952', 43 ); 
INSERT INTO ksiegarnia_internetowa.autorzy_ksiazek( id_ksiazki, id_autora ) VALUES ( '2151253505', 62 ); 
INSERT INTO ksiegarnia_internetowa.autorzy_ksiazek( id_ksiazki, id_autora ) VALUES ( '5958887045', 62 ); 
INSERT INTO ksiegarnia_internetowa.autorzy_ksiazek( id_ksiazki, id_autora ) VALUES ( '3747264531', 61 ); 
INSERT INTO ksiegarnia_internetowa.autorzy_ksiazek( id_ksiazki, id_autora ) VALUES ( '5936727738', 61 ); 
INSERT INTO ksiegarnia_internetowa.autorzy_ksiazek( id_ksiazki, id_autora ) VALUES ( '2211724122', 43 ); 
INSERT INTO ksiegarnia_internetowa.autorzy_ksiazek( id_ksiazki, id_autora ) VALUES ( '2211724122', 62 ); 
INSERT INTO ksiegarnia_internetowa.autorzy_ksiazek( id_ksiazki, id_autora ) VALUES ( '9317523760', 24 ); 
INSERT INTO ksiegarnia_internetowa.autorzy_ksiazek( id_ksiazki, id_autora ) VALUES ( '8012109871', 24 ); 
INSERT INTO ksiegarnia_internetowa.autorzy_ksiazek( id_ksiazki, id_autora ) VALUES ( '2211724122', 61 ); 
INSERT INTO ksiegarnia_internetowa.autorzy_ksiazek( id_ksiazki, id_autora ) VALUES ( '2211724122', 24 ); 
INSERT INTO ksiegarnia_internetowa.autorzy_ksiazek( id_ksiazki, id_autora ) VALUES ( '3682171021', 42 ); 
INSERT INTO ksiegarnia_internetowa.autorzy_ksiazek( id_ksiazki, id_autora ) VALUES ( '1922173031', 42 ); 
INSERT INTO ksiegarnia_internetowa.autorzy_ksiazek( id_ksiazki, id_autora ) VALUES ( '0623422718', 30 ); 
INSERT INTO ksiegarnia_internetowa.autorzy_ksiazek( id_ksiazki, id_autora ) VALUES ( '4784361046', 30 ); 
INSERT INTO ksiegarnia_internetowa.autorzy_ksiazek( id_ksiazki, id_autora ) VALUES ( '2211724122', 42 ); 
INSERT INTO ksiegarnia_internetowa.autorzy_ksiazek( id_ksiazki, id_autora ) VALUES ( '6895047952', 31 ); 
INSERT INTO ksiegarnia_internetowa.autorzy_ksiazek( id_ksiazki, id_autora ) VALUES ( '6687336541', 31 ); 
INSERT INTO ksiegarnia_internetowa.autorzy_ksiazek( id_ksiazki, id_autora ) VALUES ( '2211724122', 30 ); 
INSERT INTO ksiegarnia_internetowa.autorzy_ksiazek( id_ksiazki, id_autora ) VALUES ( '2211724122', 31 ); 
INSERT INTO ksiegarnia_internetowa.autorzy_ksiazek( id_ksiazki, id_autora ) VALUES ( '2373171042', 65 ); 
INSERT INTO ksiegarnia_internetowa.autorzy_ksiazek( id_ksiazki, id_autora ) VALUES ( '2548623757', 65 ); 
INSERT INTO ksiegarnia_internetowa.autorzy_ksiazek( id_ksiazki, id_autora ) VALUES ( '6287460147', 32 ); 
INSERT INTO ksiegarnia_internetowa.autorzy_ksiazek( id_ksiazki, id_autora ) VALUES ( '1309416513', 32 ); 
INSERT INTO ksiegarnia_internetowa.autorzy_ksiazek( id_ksiazki, id_autora ) VALUES ( '3701043663', 74 ); 
INSERT INTO ksiegarnia_internetowa.autorzy_ksiazek( id_ksiazki, id_autora ) VALUES ( '2845929541', 74 ); 
INSERT INTO ksiegarnia_internetowa.autorzy_ksiazek( id_ksiazki, id_autora ) VALUES ( '2747175586', 29 ); 
INSERT INTO ksiegarnia_internetowa.autorzy_ksiazek( id_ksiazki, id_autora ) VALUES ( '5425315840', 29 ); 
INSERT INTO ksiegarnia_internetowa.autorzy_ksiazek( id_ksiazki, id_autora ) VALUES ( '2211724122', 65 ); 
INSERT INTO ksiegarnia_internetowa.autorzy_ksiazek( id_ksiazki, id_autora ) VALUES ( '1438932151', 53 ); 
INSERT INTO ksiegarnia_internetowa.autorzy_ksiazek( id_ksiazki, id_autora ) VALUES ( '3317254575', 53 ); 
INSERT INTO ksiegarnia_internetowa.autorzy_ksiazek( id_ksiazki, id_autora ) VALUES ( '2211724122', 32 ); 
INSERT INTO ksiegarnia_internetowa.autorzy_ksiazek( id_ksiazki, id_autora ) VALUES ( '2211724122', 29 ); 
INSERT INTO ksiegarnia_internetowa.autorzy_ksiazek( id_ksiazki, id_autora ) VALUES ( '5648618374', 29 ); 
INSERT INTO ksiegarnia_internetowa.autorzy_ksiazek( id_ksiazki, id_autora ) VALUES ( '2476312570', 29 ); 
INSERT INTO ksiegarnia_internetowa.autorzy_ksiazek( id_ksiazki, id_autora ) VALUES ( '1438932151', 94 ); 
INSERT INTO ksiegarnia_internetowa.autorzy_ksiazek( id_ksiazki, id_autora ) VALUES ( '2575398172', 94 ); 
INSERT INTO ksiegarnia_internetowa.autorzy_ksiazek( id_ksiazki, id_autora ) VALUES ( '9234819316', 23 ); 
INSERT INTO ksiegarnia_internetowa.autorzy_ksiazek( id_ksiazki, id_autora ) VALUES ( '2211724122', 53 ); 
INSERT INTO ksiegarnia_internetowa.autorzy_ksiazek( id_ksiazki, id_autora ) VALUES ( '5165447885', 84 ); 
INSERT INTO ksiegarnia_internetowa.autorzy_ksiazek( id_ksiazki, id_autora ) VALUES ( '6442833247', 52 ); 
INSERT INTO ksiegarnia_internetowa.autorzy_ksiazek( id_ksiazki, id_autora ) VALUES ( '6287460147', 23 ); 
INSERT INTO ksiegarnia_internetowa.autorzy_ksiazek( id_ksiazki, id_autora ) VALUES ( '3875193242', 84 ); 
INSERT INTO ksiegarnia_internetowa.autorzy_ksiazek( id_ksiazki, id_autora ) VALUES ( '1215094748', 52 ); 
INSERT INTO ksiegarnia_internetowa.autorzy_ksiazek( id_ksiazki, id_autora ) VALUES ( '9234819316', 11 ); 
INSERT INTO ksiegarnia_internetowa.autorzy_ksiazek( id_ksiazki, id_autora ) VALUES ( '2575398172', 11 ); 
INSERT INTO ksiegarnia_internetowa.autorzy_ksiazek( id_ksiazki, id_autora ) VALUES ( '7094445316', 100 ); 
INSERT INTO ksiegarnia_internetowa.autorzy_ksiazek( id_ksiazki, id_autora ) VALUES ( '0623422718', 100 ); 
INSERT INTO ksiegarnia_internetowa.autorzy_ksiazek( id_ksiazki, id_autora ) VALUES ( '3727722433', 27 ); 
INSERT INTO ksiegarnia_internetowa.autorzy_ksiazek( id_ksiazki, id_autora ) VALUES ( '2621529756', 27 ); 
INSERT INTO ksiegarnia_internetowa.autorzy_ksiazek( id_ksiazki, id_autora ) VALUES ( '4763685832', 93 ); 
INSERT INTO ksiegarnia_internetowa.autorzy_ksiazek( id_ksiazki, id_autora ) VALUES ( '5776458528', 93 ); 
INSERT INTO ksiegarnia_internetowa.autorzy_ksiazek( id_ksiazki, id_autora ) VALUES ( '2211724122', 94 ); 
INSERT INTO ksiegarnia_internetowa.autorzy_ksiazek( id_ksiazki, id_autora ) VALUES ( '2211724122', 23 ); 
INSERT INTO ksiegarnia_internetowa.autorzy_ksiazek( id_ksiazki, id_autora ) VALUES ( '2211724122', 84 ); 
INSERT INTO ksiegarnia_internetowa.autorzy_ksiazek( id_ksiazki, id_autora ) VALUES ( '2211724122', 52 ); 
INSERT INTO ksiegarnia_internetowa.autorzy_ksiazek( id_ksiazki, id_autora ) VALUES ( '6505377020', 56 ); 
INSERT INTO ksiegarnia_internetowa.autorzy_ksiazek( id_ksiazki, id_autora ) VALUES ( '7593067241', 56 ); 
INSERT INTO ksiegarnia_internetowa.autorzy_ksiazek( id_ksiazki, id_autora ) VALUES ( '2211724122', 11 ); 
INSERT INTO ksiegarnia_internetowa.autorzy_ksiazek( id_ksiazki, id_autora ) VALUES ( '1509403455', 60 ); 
INSERT INTO ksiegarnia_internetowa.autorzy_ksiazek( id_ksiazki, id_autora ) VALUES ( '2868647371', 71 ); 
INSERT INTO ksiegarnia_internetowa.autorzy_ksiazek( id_ksiazki, id_autora ) VALUES ( '5958887045', 60 ); 
INSERT INTO ksiegarnia_internetowa.autorzy_ksiazek( id_ksiazki, id_autora ) VALUES ( '7143613460', 71 ); 
INSERT INTO ksiegarnia_internetowa.autorzy_ksiazek( id_ksiazki, id_autora ) VALUES ( '2211724122', 100 ); 
INSERT INTO ksiegarnia_internetowa.autorzy_ksiazek( id_ksiazki, id_autora ) VALUES ( '6536417767', 39 ); 
INSERT INTO ksiegarnia_internetowa.autorzy_ksiazek( id_ksiazki, id_autora ) VALUES ( '2575398172', 39 ); 
INSERT INTO ksiegarnia_internetowa.autorzy_ksiazek( id_ksiazki, id_autora ) VALUES ( '2211724122', 27 ); 
INSERT INTO ksiegarnia_internetowa.autorzy_ksiazek( id_ksiazki, id_autora ) VALUES ( '2211724122', 93 ); 
INSERT INTO ksiegarnia_internetowa.autorzy_ksiazek( id_ksiazki, id_autora ) VALUES ( '6272515348', 82 ); 
INSERT INTO ksiegarnia_internetowa.autorzy_ksiazek( id_ksiazki, id_autora ) VALUES ( '7143613460', 82 ); 
INSERT INTO ksiegarnia_internetowa.autorzy_ksiazek( id_ksiazki, id_autora ) VALUES ( '2424056778', 65 ); 
INSERT INTO ksiegarnia_internetowa.autorzy_ksiazek( id_ksiazki, id_autora ) VALUES ( '3682171021', 65 ); 
INSERT INTO ksiegarnia_internetowa.autorzy_ksiazek( id_ksiazki, id_autora ) VALUES ( '2211724122', 56 ); 
INSERT INTO ksiegarnia_internetowa.autorzy_ksiazek( id_ksiazki, id_autora ) VALUES ( '2211724122', 60 ); 
INSERT INTO ksiegarnia_internetowa.autorzy_ksiazek( id_ksiazki, id_autora ) VALUES ( '2211724122', 71 ); 
INSERT INTO ksiegarnia_internetowa.autorzy_ksiazek( id_ksiazki, id_autora ) VALUES ( '2211724122', 39 ); 
INSERT INTO ksiegarnia_internetowa.autorzy_ksiazek( id_ksiazki, id_autora ) VALUES ( '7094445316', 49 ); 
INSERT INTO ksiegarnia_internetowa.autorzy_ksiazek( id_ksiazki, id_autora ) VALUES ( '8833646426', 49 ); 
INSERT INTO ksiegarnia_internetowa.autorzy_ksiazek( id_ksiazki, id_autora ) VALUES ( '2618688327', 27 ); 
INSERT INTO ksiegarnia_internetowa.autorzy_ksiazek( id_ksiazki, id_autora ) VALUES ( '7593067241', 27 ); 
INSERT INTO ksiegarnia_internetowa.autorzy_ksiazek( id_ksiazki, id_autora ) VALUES ( '1444137276', 81 ); 
INSERT INTO ksiegarnia_internetowa.autorzy_ksiazek( id_ksiazki, id_autora ) VALUES ( '8833646426', 81 ); 
INSERT INTO ksiegarnia_internetowa.autorzy_ksiazek( id_ksiazki, id_autora ) VALUES ( '2211724122', 82 ); 
INSERT INTO ksiegarnia_internetowa.autorzy_ksiazek( id_ksiazki, id_autora ) VALUES ( '5246516367', 67 ); 
INSERT INTO ksiegarnia_internetowa.autorzy_ksiazek( id_ksiazki, id_autora ) VALUES ( '3875193242', 67 ); 
INSERT INTO ksiegarnia_internetowa.autorzy_ksiazek( id_ksiazki, id_autora ) VALUES ( '2211724122', 49 ); 
INSERT INTO ksiegarnia_internetowa.autorzy_ksiazek( id_ksiazki, id_autora ) VALUES ( '2253533631', 65 ); 
INSERT INTO ksiegarnia_internetowa.autorzy_ksiazek( id_ksiazki, id_autora ) VALUES ( '0623422718', 65 ); 
INSERT INTO ksiegarnia_internetowa.autorzy_ksiazek( id_ksiazki, id_autora ) VALUES ( '2211724122', 81 ); 
INSERT INTO ksiegarnia_internetowa.autorzy_ksiazek( id_ksiazki, id_autora ) VALUES ( '2211724122', 67 ); 
INSERT INTO ksiegarnia_internetowa.autorzy_ksiazek( id_ksiazki, id_autora ) VALUES ( '7711381474', 99 ); 
INSERT INTO ksiegarnia_internetowa.autorzy_ksiazek( id_ksiazki, id_autora ) VALUES ( '8833646426', 99 ); 
INSERT INTO ksiegarnia_internetowa.autorzy_ksiazek( id_ksiazki, id_autora ) VALUES ( '1581776073', 7 ); 
INSERT INTO ksiegarnia_internetowa.autorzy_ksiazek( id_ksiazki, id_autora ) VALUES ( '1766350739', 7 ); 
INSERT INTO ksiegarnia_internetowa.autorzy_ksiazek( id_ksiazki, id_autora ) VALUES ( '2415828216', 80 ); 
INSERT INTO ksiegarnia_internetowa.autorzy_ksiazek( id_ksiazki, id_autora ) VALUES ( '5155752624', 80 ); 
INSERT INTO ksiegarnia_internetowa.autorzy_ksiazek( id_ksiazki, id_autora ) VALUES ( '6675611845', 93 ); 
INSERT INTO ksiegarnia_internetowa.autorzy_ksiazek( id_ksiazki, id_autora ) VALUES ( '2476312570', 93 ); 
INSERT INTO ksiegarnia_internetowa.autorzy_ksiazek( id_ksiazki, id_autora ) VALUES ( '5744744464', 43 ); 
INSERT INTO ksiegarnia_internetowa.autorzy_ksiazek( id_ksiazki, id_autora ) VALUES ( '1766350739', 43 ); 
INSERT INTO ksiegarnia_internetowa.autorzy_ksiazek( id_ksiazki, id_autora ) VALUES ( '8125015944', 18 ); 
INSERT INTO ksiegarnia_internetowa.autorzy_ksiazek( id_ksiazki, id_autora ) VALUES ( '0398625886', 18 ); 
INSERT INTO ksiegarnia_internetowa.autorzy_ksiazek( id_ksiazki, id_autora ) VALUES ( '8271916723', 64 ); 
INSERT INTO ksiegarnia_internetowa.autorzy_ksiazek( id_ksiazki, id_autora ) VALUES ( '4125682636', 64 ); 
INSERT INTO ksiegarnia_internetowa.autorzy_ksiazek( id_ksiazki, id_autora ) VALUES ( '6272515348', 61 ); 
INSERT INTO ksiegarnia_internetowa.autorzy_ksiazek( id_ksiazki, id_autora ) VALUES ( '2415828216', 92 ); 
INSERT INTO ksiegarnia_internetowa.autorzy_ksiazek( id_ksiazki, id_autora ) VALUES ( '3755465478', 61 ); 
INSERT INTO ksiegarnia_internetowa.autorzy_ksiazek( id_ksiazki, id_autora ) VALUES ( '1147047734', 92 ); 
INSERT INTO ksiegarnia_internetowa.autorzy_ksiazek( id_ksiazki, id_autora ) VALUES ( '2211724122', 7 ); 
INSERT INTO ksiegarnia_internetowa.autorzy_ksiazek( id_ksiazki, id_autora ) VALUES ( '2618688327', 44 ); 
INSERT INTO ksiegarnia_internetowa.autorzy_ksiazek( id_ksiazki, id_autora ) VALUES ( '1147047734', 44 ); 
INSERT INTO ksiegarnia_internetowa.autorzy_ksiazek( id_ksiazki, id_autora ) VALUES ( '2211724122', 80 ); 
INSERT INTO ksiegarnia_internetowa.autorzy_ksiazek( id_ksiazki, id_autora ) VALUES ( '0523633769', 65 ); 
INSERT INTO ksiegarnia_internetowa.autorzy_ksiazek( id_ksiazki, id_autora ) VALUES ( '7143613460', 65 ); 
INSERT INTO ksiegarnia_internetowa.autorzy_ksiazek( id_ksiazki, id_autora ) VALUES ( '5744744464', 24 ); 
INSERT INTO ksiegarnia_internetowa.autorzy_ksiazek( id_ksiazki, id_autora ) VALUES ( '0398625886', 24 ); 
INSERT INTO ksiegarnia_internetowa.autorzy_ksiazek( id_ksiazki, id_autora ) VALUES ( '7221147221', 5 ); 
INSERT INTO ksiegarnia_internetowa.autorzy_ksiazek( id_ksiazki, id_autora ) VALUES ( '3317254575', 5 ); 
INSERT INTO ksiegarnia_internetowa.autorzy_ksiazek( id_ksiazki, id_autora ) VALUES ( '5246516367', 78 ); 
INSERT INTO ksiegarnia_internetowa.autorzy_ksiazek( id_ksiazki, id_autora ) VALUES ( '3174556562', 78 ); 
INSERT INTO ksiegarnia_internetowa.autorzy_ksiazek( id_ksiazki, id_autora ) VALUES ( '1438932151', 57 ); 
INSERT INTO ksiegarnia_internetowa.autorzy_ksiazek( id_ksiazki, id_autora ) VALUES ( '5776458528', 57 ); 
INSERT INTO ksiegarnia_internetowa.autorzy_ksiazek( id_ksiazki, id_autora ) VALUES ( '2211724122', 18 ); 
INSERT INTO ksiegarnia_internetowa.autorzy_ksiazek( id_ksiazki, id_autora ) VALUES ( '2758712733', 74 ); 
INSERT INTO ksiegarnia_internetowa.autorzy_ksiazek( id_ksiazki, id_autora ) VALUES ( '3483245128', 74 ); 
INSERT INTO ksiegarnia_internetowa.autorzy_ksiazek( id_ksiazki, id_autora ) VALUES ( '2211724122', 64 ); 
INSERT INTO ksiegarnia_internetowa.autorzy_ksiazek( id_ksiazki, id_autora ) VALUES ( '2723947168', 74 ); 
INSERT INTO ksiegarnia_internetowa.autorzy_ksiazek( id_ksiazki, id_autora ) VALUES ( '5958887045', 74 ); 
INSERT INTO ksiegarnia_internetowa.autorzy_ksiazek( id_ksiazki, id_autora ) VALUES ( '2211724122', 92 ); 
INSERT INTO ksiegarnia_internetowa.autorzy_ksiazek( id_ksiazki, id_autora ) VALUES ( '2211724122', 44 ); 
INSERT INTO ksiegarnia_internetowa.autorzy_ksiazek( id_ksiazki, id_autora ) VALUES ( '1444137276', 28 ); 
INSERT INTO ksiegarnia_internetowa.autorzy_ksiazek( id_ksiazki, id_autora ) VALUES ( '7143613460', 28 ); 
INSERT INTO ksiegarnia_internetowa.autorzy_ksiazek( id_ksiazki, id_autora ) VALUES ( '4573398681', 8 ); 
INSERT INTO ksiegarnia_internetowa.autorzy_ksiazek( id_ksiazki, id_autora ) VALUES ( '0623422718', 8 ); 
INSERT INTO ksiegarnia_internetowa.autorzy_ksiazek( id_ksiazki, id_autora ) VALUES ( '2211724122', 78 ); 
INSERT INTO ksiegarnia_internetowa.autorzy_ksiazek( id_ksiazki, id_autora ) VALUES ( '3747674218', 44 ); 
INSERT INTO ksiegarnia_internetowa.autorzy_ksiazek( id_ksiazki, id_autora ) VALUES ( '8444612204', 44 ); 
INSERT INTO ksiegarnia_internetowa.autorzy_ksiazek( id_ksiazki, id_autora ) VALUES ( '2211724122', 57 ); 
INSERT INTO ksiegarnia_internetowa.autorzy_ksiazek( id_ksiazki, id_autora ) VALUES ( '6536417767', 36 ); 
INSERT INTO ksiegarnia_internetowa.autorzy_ksiazek( id_ksiazki, id_autora ) VALUES ( '8012109871', 36 ); 
INSERT INTO ksiegarnia_internetowa.autorzy_ksiazek( id_ksiazki, id_autora ) VALUES ( '2061146161', 36 ); 
INSERT INTO ksiegarnia_internetowa.autorzy_ksiazek( id_ksiazki, id_autora ) VALUES ( '0623422718', 36 ); 
INSERT INTO ksiegarnia_internetowa.autorzy_ksiazek( id_ksiazki, id_autora ) VALUES ( '5165447885', 58 ); 
INSERT INTO ksiegarnia_internetowa.autorzy_ksiazek( id_ksiazki, id_autora ) VALUES ( '7143613460', 58 ); 
INSERT INTO ksiegarnia_internetowa.autorzy_ksiazek( id_ksiazki, id_autora ) VALUES ( '7306532738', 8 ); 
INSERT INTO ksiegarnia_internetowa.autorzy_ksiazek( id_ksiazki, id_autora ) VALUES ( '2476312570', 8 ); 
INSERT INTO ksiegarnia_internetowa.autorzy_ksiazek( id_ksiazki, id_autora ) VALUES ( '6442833247', 51 ); 
INSERT INTO ksiegarnia_internetowa.autorzy_ksiazek( id_ksiazki, id_autora ) VALUES ( '1147047734', 51 ); 
INSERT INTO ksiegarnia_internetowa.autorzy_ksiazek( id_ksiazki, id_autora ) VALUES ( '8388654122', 59 ); 
INSERT INTO ksiegarnia_internetowa.autorzy_ksiazek( id_ksiazki, id_autora ) VALUES ( '3522977451', 59 ); 
INSERT INTO ksiegarnia_internetowa.autorzy_ksiazek( id_ksiazki, id_autora ) VALUES ( '6228446011', 87 ); 
INSERT INTO ksiegarnia_internetowa.autorzy_ksiazek( id_ksiazki, id_autora ) VALUES ( '1618507727', 87 ); 
INSERT INTO ksiegarnia_internetowa.autorzy_ksiazek( id_ksiazki, id_autora ) VALUES ( '2585304726', 75 ); 
INSERT INTO ksiegarnia_internetowa.autorzy_ksiazek( id_ksiazki, id_autora ) VALUES ( '8012109871', 75 ); 
INSERT INTO ksiegarnia_internetowa.autorzy_ksiazek( id_ksiazki, id_autora ) VALUES ( '1683033631', 46 ); 
INSERT INTO ksiegarnia_internetowa.autorzy_ksiazek( id_ksiazki, id_autora ) VALUES ( '5425315840', 46 ); 
INSERT INTO ksiegarnia_internetowa.autorzy_ksiazek( id_ksiazki, id_autora ) VALUES ( '2211724122', 36 ); 
INSERT INTO ksiegarnia_internetowa.autorzy_ksiazek( id_ksiazki, id_autora ) VALUES ( '2211724122', 58 ); 
INSERT INTO ksiegarnia_internetowa.autorzy_ksiazek( id_ksiazki, id_autora ) VALUES ( '7236138477', 36 ); 
INSERT INTO ksiegarnia_internetowa.autorzy_ksiazek( id_ksiazki, id_autora ) VALUES ( '0398625886', 36 ); 
INSERT INTO ksiegarnia_internetowa.autorzy_ksiazek( id_ksiazki, id_autora ) VALUES ( '2211724122', 51 ); 
INSERT INTO ksiegarnia_internetowa.autorzy_ksiazek( id_ksiazki, id_autora ) VALUES ( '6523244116', 27 ); 
INSERT INTO ksiegarnia_internetowa.autorzy_ksiazek( id_ksiazki, id_autora ) VALUES ( '5155752624', 27 ); 
INSERT INTO ksiegarnia_internetowa.autorzy_ksiazek( id_ksiazki, id_autora ) VALUES ( '2211724122', 59 ); 
INSERT INTO ksiegarnia_internetowa.autorzy_ksiazek( id_ksiazki, id_autora ) VALUES ( '8118024957', 36 ); 
INSERT INTO ksiegarnia_internetowa.autorzy_ksiazek( id_ksiazki, id_autora ) VALUES ( '8294145881', 14 ); 
INSERT INTO ksiegarnia_internetowa.autorzy_ksiazek( id_ksiazki, id_autora ) VALUES ( '5155752624', 36 ); 
INSERT INTO ksiegarnia_internetowa.autorzy_ksiazek( id_ksiazki, id_autora ) VALUES ( '3682171021', 14 ); 
INSERT INTO ksiegarnia_internetowa.autorzy_ksiazek( id_ksiazki, id_autora ) VALUES ( '2211724122', 87 ); 
INSERT INTO ksiegarnia_internetowa.autorzy_ksiazek( id_ksiazki, id_autora ) VALUES ( '2211724122', 75 ); 
INSERT INTO ksiegarnia_internetowa.autorzy_ksiazek( id_ksiazki, id_autora ) VALUES ( '9317523760', 58 ); 
INSERT INTO ksiegarnia_internetowa.autorzy_ksiazek( id_ksiazki, id_autora ) VALUES ( '3174556562', 58 ); 
INSERT INTO ksiegarnia_internetowa.autorzy_ksiazek( id_ksiazki, id_autora ) VALUES ( '2211724122', 46 ); 
INSERT INTO ksiegarnia_internetowa.autorzy_ksiazek( id_ksiazki, id_autora ) VALUES ( '8686342526', 57 ); 
INSERT INTO ksiegarnia_internetowa.autorzy_ksiazek( id_ksiazki, id_autora ) VALUES ( '4573398681', 4 ); 
INSERT INTO ksiegarnia_internetowa.autorzy_ksiazek( id_ksiazki, id_autora ) VALUES ( '5776458528', 4 ); 
INSERT INTO ksiegarnia_internetowa.autorzy_ksiazek( id_ksiazki, id_autora ) VALUES ( '6393470482', 48 ); 
INSERT INTO ksiegarnia_internetowa.autorzy_ksiazek( id_ksiazki, id_autora ) VALUES ( '8012109871', 48 ); 
INSERT INTO ksiegarnia_internetowa.autorzy_ksiazek( id_ksiazki, id_autora ) VALUES ( '0815834759', 96 ); 
INSERT INTO ksiegarnia_internetowa.autorzy_ksiazek( id_ksiazki, id_autora ) VALUES ( '3747264531', 11 ); 
INSERT INTO ksiegarnia_internetowa.autorzy_ksiazek( id_ksiazki, id_autora ) VALUES ( '3317254575', 96 ); 
INSERT INTO ksiegarnia_internetowa.autorzy_ksiazek( id_ksiazki, id_autora ) VALUES ( '3755465478', 11 ); 
INSERT INTO ksiegarnia_internetowa.autorzy_ksiazek( id_ksiazki, id_autora ) VALUES ( '1943315230', 99 ); 
INSERT INTO ksiegarnia_internetowa.autorzy_ksiazek( id_ksiazki, id_autora ) VALUES ( '0815834759', 66 ); 
INSERT INTO ksiegarnia_internetowa.autorzy_ksiazek( id_ksiazki, id_autora ) VALUES ( '4088983482', 13 ); 
INSERT INTO ksiegarnia_internetowa.autorzy_ksiazek( id_ksiazki, id_autora ) VALUES ( '2476312570', 99 ); 
INSERT INTO ksiegarnia_internetowa.autorzy_ksiazek( id_ksiazki, id_autora ) VALUES ( '2373171042', 66 ); 
INSERT INTO ksiegarnia_internetowa.autorzy_ksiazek( id_ksiazki, id_autora ) VALUES ( '3174556562', 13 ); 
INSERT INTO ksiegarnia_internetowa.autorzy_ksiazek( id_ksiazki, id_autora ) VALUES ( '6523244116', 73 ); 
INSERT INTO ksiegarnia_internetowa.autorzy_ksiazek( id_ksiazki, id_autora ) VALUES ( '2476312570', 73 ); 
INSERT INTO ksiegarnia_internetowa.autorzy_ksiazek( id_ksiazki, id_autora ) VALUES ( '2211724122', 14 ); 
INSERT INTO ksiegarnia_internetowa.autorzy_ksiazek( id_ksiazki, id_autora ) VALUES ( '5876444420', 14 ); 
INSERT INTO ksiegarnia_internetowa.autorzy_ksiazek( id_ksiazki, id_autora ) VALUES ( '2864655916', 16 ); 
INSERT INTO ksiegarnia_internetowa.autorzy_ksiazek( id_ksiazki, id_autora ) VALUES ( '5936727738', 14 ); 
INSERT INTO ksiegarnia_internetowa.autorzy_ksiazek( id_ksiazki, id_autora ) VALUES ( '4125682636', 16 ); 
INSERT INTO ksiegarnia_internetowa.autorzy_ksiazek( id_ksiazki, id_autora ) VALUES ( '6505377020', 80 ); 
INSERT INTO ksiegarnia_internetowa.autorzy_ksiazek( id_ksiazki, id_autora ) VALUES ( '2373171042', 80 ); 
INSERT INTO ksiegarnia_internetowa.autorzy_ksiazek( id_ksiazki, id_autora ) VALUES ( '3254257282', 7 ); 
INSERT INTO ksiegarnia_internetowa.autorzy_ksiazek( id_ksiazki, id_autora ) VALUES ( '3755465478', 7 ); 
INSERT INTO ksiegarnia_internetowa.autorzy_ksiazek( id_ksiazki, id_autora ) VALUES ( '4524108284', 88 ); 
INSERT INTO ksiegarnia_internetowa.autorzy_ksiazek( id_ksiazki, id_autora ) VALUES ( '5155752624', 88 ); 
INSERT INTO ksiegarnia_internetowa.autorzy_ksiazek( id_ksiazki, id_autora ) VALUES ( '2253533631', 70 ); 
INSERT INTO ksiegarnia_internetowa.autorzy_ksiazek( id_ksiazki, id_autora ) VALUES ( '3174556562', 70 ); 
INSERT INTO ksiegarnia_internetowa.autorzy_ksiazek( id_ksiazki, id_autora ) VALUES ( '2211724122', 4 ); 
INSERT INTO ksiegarnia_internetowa.autorzy_ksiazek( id_ksiazki, id_autora ) VALUES ( '2211724122', 48 ); 
INSERT INTO ksiegarnia_internetowa.autorzy_ksiazek( id_ksiazki, id_autora ) VALUES ( '2211724122', 96 ); 
INSERT INTO ksiegarnia_internetowa.autorzy_ksiazek( id_ksiazki, id_autora ) VALUES ( '0523633769', 60 ); 
INSERT INTO ksiegarnia_internetowa.autorzy_ksiazek( id_ksiazki, id_autora ) VALUES ( '4524108284', 40 ); 
INSERT INTO ksiegarnia_internetowa.autorzy_ksiazek( id_ksiazki, id_autora ) VALUES ( '0623422718', 60 ); 
INSERT INTO ksiegarnia_internetowa.autorzy_ksiazek( id_ksiazki, id_autora ) VALUES ( '7593067241', 40 ); 
INSERT INTO ksiegarnia_internetowa.autorzy_ksiazek( id_ksiazki, id_autora ) VALUES ( '7766281412', 69 ); 
INSERT INTO ksiegarnia_internetowa.autorzy_ksiazek( id_ksiazki, id_autora ) VALUES ( '5425315840', 69 ); 
INSERT INTO ksiegarnia_internetowa.autorzy_ksiazek( id_ksiazki, id_autora ) VALUES ( '2211724122', 66 ); 
INSERT INTO ksiegarnia_internetowa.autorzy_ksiazek( id_ksiazki, id_autora ) VALUES ( '2211724122', 13 ); 
INSERT INTO ksiegarnia_internetowa.autorzy_ksiazek( id_ksiazki, id_autora ) VALUES ( '7306532738', 68 ); 
INSERT INTO ksiegarnia_internetowa.autorzy_ksiazek( id_ksiazki, id_autora ) VALUES ( '3701043663', 68 ); 
INSERT INTO ksiegarnia_internetowa.autorzy_ksiazek( id_ksiazki, id_autora ) VALUES ( '7383538447', 82 ); 
INSERT INTO ksiegarnia_internetowa.autorzy_ksiazek( id_ksiazki, id_autora ) VALUES ( '2575398172', 82 ); 
INSERT INTO ksiegarnia_internetowa.autorzy_ksiazek( id_ksiazki, id_autora ) VALUES ( '8851775655', 97 ); 
INSERT INTO ksiegarnia_internetowa.autorzy_ksiazek( id_ksiazki, id_autora ) VALUES ( '6895047952', 97 ); 
INSERT INTO ksiegarnia_internetowa.autorzy_ksiazek( id_ksiazki, id_autora ) VALUES ( '2211724122', 16 ); 
INSERT INTO ksiegarnia_internetowa.autorzy_ksiazek( id_ksiazki, id_autora ) VALUES ( '2424056778', 95 ); 
INSERT INTO ksiegarnia_internetowa.autorzy_ksiazek( id_ksiazki, id_autora ) VALUES ( '3701043663', 95 ); 
INSERT INTO ksiegarnia_internetowa.autorzy_ksiazek( id_ksiazki, id_autora ) VALUES ( '2606176244', 95 ); 
INSERT INTO ksiegarnia_internetowa.autorzy_ksiazek( id_ksiazki, id_autora ) VALUES ( '2534658024', 95 ); 
INSERT INTO ksiegarnia_internetowa.autorzy_ksiazek( id_ksiazki, id_autora ) VALUES ( '2211724122', 88 ); 
INSERT INTO ksiegarnia_internetowa.autorzy_ksiazek( id_ksiazki, id_autora ) VALUES ( '2211724122', 70 ); 
INSERT INTO ksiegarnia_internetowa.autorzy_ksiazek( id_ksiazki, id_autora ) VALUES ( '6505377020', 8 ); 
INSERT INTO ksiegarnia_internetowa.autorzy_ksiazek( id_ksiazki, id_autora ) VALUES ( '2575398172', 8 ); 
INSERT INTO ksiegarnia_internetowa.autorzy_ksiazek( id_ksiazki, id_autora ) VALUES ( '5744744464', 78 ); 
INSERT INTO ksiegarnia_internetowa.autorzy_ksiazek( id_ksiazki, id_autora ) VALUES ( '3875193242', 78 ); 
INSERT INTO ksiegarnia_internetowa.autorzy_ksiazek( id_ksiazki, id_autora ) VALUES ( '2211724122', 40 ); 
INSERT INTO ksiegarnia_internetowa.autorzy_ksiazek( id_ksiazki, id_autora ) VALUES ( '2211724122', 69 ); 
INSERT INTO ksiegarnia_internetowa.autorzy_ksiazek( id_ksiazki, id_autora ) VALUES ( '2211724122', 68 ); 
INSERT INTO ksiegarnia_internetowa.autorzy_ksiazek( id_ksiazki, id_autora ) VALUES ( '2211724122', 97 ); 
INSERT INTO ksiegarnia_internetowa.autorzy_ksiazek( id_ksiazki, id_autora ) VALUES ( '2211724122', 95 ); 

INSERT INTO ksiegarnia_internetowa.formaty_ksiazek( id_ksiazki, id_formatu, cena, ilosc_sztuk ) VALUES ( '7711381474', 1, 98, 660 ); 
INSERT INTO ksiegarnia_internetowa.formaty_ksiazek( id_ksiazki, id_formatu, cena, ilosc_sztuk ) VALUES ( '5776458528', 1, 98, 660 ); 
INSERT INTO ksiegarnia_internetowa.formaty_ksiazek( id_ksiazki, id_formatu, cena, ilosc_sztuk ) VALUES ( '3317254575', 1, 98, 660 ); 
INSERT INTO ksiegarnia_internetowa.formaty_ksiazek( id_ksiazki, id_formatu, cena, ilosc_sztuk ) VALUES ( '2621529756', 27, 9, 412 ); 
INSERT INTO ksiegarnia_internetowa.formaty_ksiazek( id_ksiazki, id_formatu, cena, ilosc_sztuk ) VALUES ( '8118024957', 27, 9, 412 ); 
INSERT INTO ksiegarnia_internetowa.formaty_ksiazek( id_ksiazki, id_formatu, cena, ilosc_sztuk ) VALUES ( '1615167205', 1, 26, 487 ); 
INSERT INTO ksiegarnia_internetowa.formaty_ksiazek( id_ksiazki, id_formatu, cena, ilosc_sztuk ) VALUES ( '8118024957', 1, 26, 487 ); 
INSERT INTO ksiegarnia_internetowa.formaty_ksiazek( id_ksiazki, id_formatu, cena, ilosc_sztuk ) VALUES ( '7143613460', 27, 9, 412 ); 
INSERT INTO ksiegarnia_internetowa.formaty_ksiazek( id_ksiazki, id_formatu, cena, ilosc_sztuk ) VALUES ( '7143613460', 1, 26, 487 ); 
INSERT INTO ksiegarnia_internetowa.formaty_ksiazek( id_ksiazki, id_formatu, cena, ilosc_sztuk ) VALUES ( '7236138477', 2, 16, 419 ); 
INSERT INTO ksiegarnia_internetowa.formaty_ksiazek( id_ksiazki, id_formatu, cena, ilosc_sztuk ) VALUES ( '5876444420', 2, 16, 419 ); 
INSERT INTO ksiegarnia_internetowa.formaty_ksiazek( id_ksiazki, id_formatu, cena, ilosc_sztuk ) VALUES ( '3747264531', 7, 48, 319 ); 
INSERT INTO ksiegarnia_internetowa.formaty_ksiazek( id_ksiazki, id_formatu, cena, ilosc_sztuk ) VALUES ( '1618507727', 2, 16, 419 ); 
INSERT INTO ksiegarnia_internetowa.formaty_ksiazek( id_ksiazki, id_formatu, cena, ilosc_sztuk ) VALUES ( '3483245128', 7, 48, 319 ); 
INSERT INTO ksiegarnia_internetowa.formaty_ksiazek( id_ksiazki, id_formatu, cena, ilosc_sztuk ) VALUES ( '3875193242', 7, 48, 319 ); 
INSERT INTO ksiegarnia_internetowa.formaty_ksiazek( id_ksiazki, id_formatu, cena, ilosc_sztuk ) VALUES ( '1922173031', 50, 71, 888 ); 
INSERT INTO ksiegarnia_internetowa.formaty_ksiazek( id_ksiazki, id_formatu, cena, ilosc_sztuk ) VALUES ( '2758712733', 50, 71, 888 ); 
INSERT INTO ksiegarnia_internetowa.formaty_ksiazek( id_ksiazki, id_formatu, cena, ilosc_sztuk ) VALUES ( '3623778789', 1, 91, 609 ); 
INSERT INTO ksiegarnia_internetowa.formaty_ksiazek( id_ksiazki, id_formatu, cena, ilosc_sztuk ) VALUES ( '3174556562', 1, 91, 609 ); 
INSERT INTO ksiegarnia_internetowa.formaty_ksiazek( id_ksiazki, id_formatu, cena, ilosc_sztuk ) VALUES ( '1618507727', 50, 71, 888 ); 
INSERT INTO ksiegarnia_internetowa.formaty_ksiazek( id_ksiazki, id_formatu, cena, ilosc_sztuk ) VALUES ( '6442833247', 19, 55, 717 ); 
INSERT INTO ksiegarnia_internetowa.formaty_ksiazek( id_ksiazki, id_formatu, cena, ilosc_sztuk ) VALUES ( '1922173031', 5, 88, 265 ); 
INSERT INTO ksiegarnia_internetowa.formaty_ksiazek( id_ksiazki, id_formatu, cena, ilosc_sztuk ) VALUES ( '6505377020', 14, 40, 940 ); 
INSERT INTO ksiegarnia_internetowa.formaty_ksiazek( id_ksiazki, id_formatu, cena, ilosc_sztuk ) VALUES ( '6228446011', 14, 44, 967 ); 
INSERT INTO ksiegarnia_internetowa.formaty_ksiazek( id_ksiazki, id_formatu, cena, ilosc_sztuk ) VALUES ( '5958887045', 19, 55, 717 ); 
INSERT INTO ksiegarnia_internetowa.formaty_ksiazek( id_ksiazki, id_formatu, cena, ilosc_sztuk ) VALUES ( '2585304726', 1, 91, 609 ); 
INSERT INTO ksiegarnia_internetowa.formaty_ksiazek( id_ksiazki, id_formatu, cena, ilosc_sztuk ) VALUES ( '6393470482', 5, 88, 265 ); 
INSERT INTO ksiegarnia_internetowa.formaty_ksiazek( id_ksiazki, id_formatu, cena, ilosc_sztuk ) VALUES ( '3747674218', 14, 40, 940 ); 
INSERT INTO ksiegarnia_internetowa.formaty_ksiazek( id_ksiazki, id_formatu, cena, ilosc_sztuk ) VALUES ( '1147047734', 14, 44, 967 ); 
INSERT INTO ksiegarnia_internetowa.formaty_ksiazek( id_ksiazki, id_formatu, cena, ilosc_sztuk ) VALUES ( '7666678083', 8, 61, 741 ); 
INSERT INTO ksiegarnia_internetowa.formaty_ksiazek( id_ksiazki, id_formatu, cena, ilosc_sztuk ) VALUES ( '2151253505', 12, 14, 754 ); 
INSERT INTO ksiegarnia_internetowa.formaty_ksiazek( id_ksiazki, id_formatu, cena, ilosc_sztuk ) VALUES ( '3747264531', 12, 58, 726 ); 
INSERT INTO ksiegarnia_internetowa.formaty_ksiazek( id_ksiazki, id_formatu, cena, ilosc_sztuk ) VALUES ( '2211724122', 8, 61, 741 ); 
INSERT INTO ksiegarnia_internetowa.formaty_ksiazek( id_ksiazki, id_formatu, cena, ilosc_sztuk ) VALUES ( '5425315840', 19, 55, 717 ); 
INSERT INTO ksiegarnia_internetowa.formaty_ksiazek( id_ksiazki, id_formatu, cena, ilosc_sztuk ) VALUES ( '6523244116', 12, 14, 754 ); 
INSERT INTO ksiegarnia_internetowa.formaty_ksiazek( id_ksiazki, id_formatu, cena, ilosc_sztuk ) VALUES ( '9317523760', 4, 21, 457 ); 
INSERT INTO ksiegarnia_internetowa.formaty_ksiazek( id_ksiazki, id_formatu, cena, ilosc_sztuk ) VALUES ( '5936727738', 5, 88, 265 ); 
INSERT INTO ksiegarnia_internetowa.formaty_ksiazek( id_ksiazki, id_formatu, cena, ilosc_sztuk ) VALUES ( '3483245128', 12, 58, 726 ); 
INSERT INTO ksiegarnia_internetowa.formaty_ksiazek( id_ksiazki, id_formatu, cena, ilosc_sztuk ) VALUES ( '5425315840', 14, 40, 940 ); 
INSERT INTO ksiegarnia_internetowa.formaty_ksiazek( id_ksiazki, id_formatu, cena, ilosc_sztuk ) VALUES ( '4088983482', 22, 16, 117 ); 
INSERT INTO ksiegarnia_internetowa.formaty_ksiazek( id_ksiazki, id_formatu, cena, ilosc_sztuk ) VALUES ( '3522977451', 4, 21, 457 ); 
INSERT INTO ksiegarnia_internetowa.formaty_ksiazek( id_ksiazki, id_formatu, cena, ilosc_sztuk ) VALUES ( '1683033631', 39, 28, 231 ); 
INSERT INTO ksiegarnia_internetowa.formaty_ksiazek( id_ksiazki, id_formatu, cena, ilosc_sztuk ) VALUES ( '1922173031', 8, 16, 428 ); 
INSERT INTO ksiegarnia_internetowa.formaty_ksiazek( id_ksiazki, id_formatu, cena, ilosc_sztuk ) VALUES ( '5744744464', 22, 68, 485 ); 
INSERT INTO ksiegarnia_internetowa.formaty_ksiazek( id_ksiazki, id_formatu, cena, ilosc_sztuk ) VALUES ( '4784361046', 6, 12, 63 ); 
INSERT INTO ksiegarnia_internetowa.formaty_ksiazek( id_ksiazki, id_formatu, cena, ilosc_sztuk ) VALUES ( '8125015944', 80, 48, 770 ); 
INSERT INTO ksiegarnia_internetowa.formaty_ksiazek( id_ksiazki, id_formatu, cena, ilosc_sztuk ) VALUES ( '2585304726', 8, 61, 741 ); 
INSERT INTO ksiegarnia_internetowa.formaty_ksiazek( id_ksiazki, id_formatu, cena, ilosc_sztuk ) VALUES ( '4524108284', 22, 16, 117 ); 
INSERT INTO ksiegarnia_internetowa.formaty_ksiazek( id_ksiazki, id_formatu, cena, ilosc_sztuk ) VALUES ( '7143613460', 12, 14, 754 ); 
INSERT INTO ksiegarnia_internetowa.formaty_ksiazek( id_ksiazki, id_formatu, cena, ilosc_sztuk ) VALUES ( '0398625886', 26, 49, 20 ); 
INSERT INTO ksiegarnia_internetowa.formaty_ksiazek( id_ksiazki, id_formatu, cena, ilosc_sztuk ) VALUES ( '6687336541', 6, 76, 176 ); 
INSERT INTO ksiegarnia_internetowa.formaty_ksiazek( id_ksiazki, id_formatu, cena, ilosc_sztuk ) VALUES ( '3701043663', 8, 16, 428 ); 
INSERT INTO ksiegarnia_internetowa.formaty_ksiazek( id_ksiazki, id_formatu, cena, ilosc_sztuk ) VALUES ( '5425315840', 12, 58, 726 ); 
INSERT INTO ksiegarnia_internetowa.formaty_ksiazek( id_ksiazki, id_formatu, cena, ilosc_sztuk ) VALUES ( '3522977451', 22, 68, 485 ); 
INSERT INTO ksiegarnia_internetowa.formaty_ksiazek( id_ksiazki, id_formatu, cena, ilosc_sztuk ) VALUES ( '7766281412', 26, 44, 322 ); 
INSERT INTO ksiegarnia_internetowa.formaty_ksiazek( id_ksiazki, id_formatu, cena, ilosc_sztuk ) VALUES ( '1444137276', 6, 12, 63 ); 
INSERT INTO ksiegarnia_internetowa.formaty_ksiazek( id_ksiazki, id_formatu, cena, ilosc_sztuk ) VALUES ( '6272515348', 50, 40, 0 ); 
INSERT INTO ksiegarnia_internetowa.formaty_ksiazek( id_ksiazki, id_formatu, cena, ilosc_sztuk ) VALUES ( '3755465478', 184, 30, 151 ); 
INSERT INTO ksiegarnia_internetowa.formaty_ksiazek( id_ksiazki, id_formatu, cena, ilosc_sztuk ) VALUES ( '8833646426', 80, 48, 770 ); 
INSERT INTO ksiegarnia_internetowa.formaty_ksiazek( id_ksiazki, id_formatu, cena, ilosc_sztuk ) VALUES ( '6393470482', 26, 49, 20 ); 
INSERT INTO ksiegarnia_internetowa.formaty_ksiazek( id_ksiazki, id_formatu, cena, ilosc_sztuk ) VALUES ( '6523244116', 6, 76, 176 ); 
INSERT INTO ksiegarnia_internetowa.formaty_ksiazek( id_ksiazki, id_formatu, cena, ilosc_sztuk ) VALUES ( '2548623757', 13, 69, 473 ); 
INSERT INTO ksiegarnia_internetowa.formaty_ksiazek( id_ksiazki, id_formatu, cena, ilosc_sztuk ) VALUES ( '2534658024', 4, 21, 457 ); 
INSERT INTO ksiegarnia_internetowa.formaty_ksiazek( id_ksiazki, id_formatu, cena, ilosc_sztuk ) VALUES ( '6536417767', 53, 13, 145 ); 
INSERT INTO ksiegarnia_internetowa.formaty_ksiazek( id_ksiazki, id_formatu, cena, ilosc_sztuk ) VALUES ( '6442833247', 53, 23, 886 ); 
INSERT INTO ksiegarnia_internetowa.formaty_ksiazek( id_ksiazki, id_formatu, cena, ilosc_sztuk ) VALUES ( '1309416513', 6, 83, 897 ); 
INSERT INTO ksiegarnia_internetowa.formaty_ksiazek( id_ksiazki, id_formatu, cena, ilosc_sztuk ) VALUES ( '2845929541', 14, 30, 202 ); 
INSERT INTO ksiegarnia_internetowa.formaty_ksiazek( id_ksiazki, id_formatu, cena, ilosc_sztuk ) VALUES ( '2747175586', 5, 95, 310 ); 
INSERT INTO ksiegarnia_internetowa.formaty_ksiazek( id_ksiazki, id_formatu, cena, ilosc_sztuk ) VALUES ( '1683033631', 26, 44, 322 ); 
INSERT INTO ksiegarnia_internetowa.formaty_ksiazek( id_ksiazki, id_formatu, cena, ilosc_sztuk ) VALUES ( '3747674218', 50, 40, 0 ); 
INSERT INTO ksiegarnia_internetowa.formaty_ksiazek( id_ksiazki, id_formatu, cena, ilosc_sztuk ) VALUES ( '2211724122', 184, 30, 151 ); 
INSERT INTO ksiegarnia_internetowa.formaty_ksiazek( id_ksiazki, id_formatu, cena, ilosc_sztuk ) VALUES ( '1618507727', 22, 16, 117 ); 
INSERT INTO ksiegarnia_internetowa.formaty_ksiazek( id_ksiazki, id_formatu, cena, ilosc_sztuk ) VALUES ( '1438932151', 10, 43, 953 ); 
INSERT INTO ksiegarnia_internetowa.formaty_ksiazek( id_ksiazki, id_formatu, cena, ilosc_sztuk ) VALUES ( '5876444420', 13, 69, 473 ); 
INSERT INTO ksiegarnia_internetowa.formaty_ksiazek( id_ksiazki, id_formatu, cena, ilosc_sztuk ) VALUES ( '6393470482', 53, 13, 145 ); 
INSERT INTO ksiegarnia_internetowa.formaty_ksiazek( id_ksiazki, id_formatu, cena, ilosc_sztuk ) VALUES ( '2585304726', 39, 28, 231 ); 
INSERT INTO ksiegarnia_internetowa.formaty_ksiazek( id_ksiazki, id_formatu, cena, ilosc_sztuk ) VALUES ( '5648618374', 5, 33, 213 ); 
INSERT INTO ksiegarnia_internetowa.formaty_ksiazek( id_ksiazki, id_formatu, cena, ilosc_sztuk ) VALUES ( '1943315230', 8, 16, 428 ); 
INSERT INTO ksiegarnia_internetowa.formaty_ksiazek( id_ksiazki, id_formatu, cena, ilosc_sztuk ) VALUES ( '8851775655', 53, 23, 886 ); 
INSERT INTO ksiegarnia_internetowa.formaty_ksiazek( id_ksiazki, id_formatu, cena, ilosc_sztuk ) VALUES ( '6393470482', 6, 83, 897 ); 
INSERT INTO ksiegarnia_internetowa.formaty_ksiazek( id_ksiazki, id_formatu, cena, ilosc_sztuk ) VALUES ( '8444612204', 14, 30, 202 ); 
INSERT INTO ksiegarnia_internetowa.formaty_ksiazek( id_ksiazki, id_formatu, cena, ilosc_sztuk ) VALUES ( '2373171042', 22, 68, 485 ); 
INSERT INTO ksiegarnia_internetowa.formaty_ksiazek( id_ksiazki, id_formatu, cena, ilosc_sztuk ) VALUES ( '1438932151', 18, 70, 492 ); 
INSERT INTO ksiegarnia_internetowa.formaty_ksiazek( id_ksiazki, id_formatu, cena, ilosc_sztuk ) VALUES ( '2211724122', 5, 95, 310 ); 
INSERT INTO ksiegarnia_internetowa.formaty_ksiazek( id_ksiazki, id_formatu, cena, ilosc_sztuk ) VALUES ( '9234819316', 4, 11, 719 ); 
INSERT INTO ksiegarnia_internetowa.formaty_ksiazek( id_ksiazki, id_formatu, cena, ilosc_sztuk ) VALUES ( '6442833247', 10, 53, 24 ); 
INSERT INTO ksiegarnia_internetowa.formaty_ksiazek( id_ksiazki, id_formatu, cena, ilosc_sztuk ) VALUES ( '1943315230', 6, 12, 63 ); 
INSERT INTO ksiegarnia_internetowa.formaty_ksiazek( id_ksiazki, id_formatu, cena, ilosc_sztuk ) VALUES ( '9234819316', 2, 79, 860 ); 
INSERT INTO ksiegarnia_internetowa.formaty_ksiazek( id_ksiazki, id_formatu, cena, ilosc_sztuk ) VALUES ( '7094445316', 20, 38, 603 ); 
INSERT INTO ksiegarnia_internetowa.formaty_ksiazek( id_ksiazki, id_formatu, cena, ilosc_sztuk ) VALUES ( '5425315840', 80, 48, 770 ); 
INSERT INTO ksiegarnia_internetowa.formaty_ksiazek( id_ksiazki, id_formatu, cena, ilosc_sztuk ) VALUES ( '6895047952', 10, 43, 953 ); 
INSERT INTO ksiegarnia_internetowa.formaty_ksiazek( id_ksiazki, id_formatu, cena, ilosc_sztuk ) VALUES ( '3727722433', 5, 15, 415 ); 
INSERT INTO ksiegarnia_internetowa.formaty_ksiazek( id_ksiazki, id_formatu, cena, ilosc_sztuk ) VALUES ( '1618507727', 26, 49, 20 ); 
INSERT INTO ksiegarnia_internetowa.formaty_ksiazek( id_ksiazki, id_formatu, cena, ilosc_sztuk ) VALUES ( '1766350739', 6, 76, 176 ); 
INSERT INTO ksiegarnia_internetowa.formaty_ksiazek( id_ksiazki, id_formatu, cena, ilosc_sztuk ) VALUES ( '4763685832', 18, 22, 156 ); 
INSERT INTO ksiegarnia_internetowa.formaty_ksiazek( id_ksiazki, id_formatu, cena, ilosc_sztuk ) VALUES ( '2618688327', 51, 30, 266 ); 
INSERT INTO ksiegarnia_internetowa.formaty_ksiazek( id_ksiazki, id_formatu, cena, ilosc_sztuk ) VALUES ( '8851775655', 5, 33, 213 ); 
INSERT INTO ksiegarnia_internetowa.formaty_ksiazek( id_ksiazki, id_formatu, cena, ilosc_sztuk ) VALUES ( '8118024957', 18, 70, 492 ); 
INSERT INTO ksiegarnia_internetowa.formaty_ksiazek( id_ksiazki, id_formatu, cena, ilosc_sztuk ) VALUES ( '1509403455', 12, 83, 905 ); 
INSERT INTO ksiegarnia_internetowa.formaty_ksiazek( id_ksiazki, id_formatu, cena, ilosc_sztuk ) VALUES ( '2868647371', 14, 37, 587 ); 
INSERT INTO ksiegarnia_internetowa.formaty_ksiazek( id_ksiazki, id_formatu, cena, ilosc_sztuk ) VALUES ( '1215094748', 4, 11, 719 ); 
INSERT INTO ksiegarnia_internetowa.formaty_ksiazek( id_ksiazki, id_formatu, cena, ilosc_sztuk ) VALUES ( '3317254575', 26, 44, 322 ); 
INSERT INTO ksiegarnia_internetowa.formaty_ksiazek( id_ksiazki, id_formatu, cena, ilosc_sztuk ) VALUES ( '3254257282', 10, 53, 24 ); 
INSERT INTO ksiegarnia_internetowa.formaty_ksiazek( id_ksiazki, id_formatu, cena, ilosc_sztuk ) VALUES ( '6536417767', 7, 31, 534 ); 
INSERT INTO ksiegarnia_internetowa.formaty_ksiazek( id_ksiazki, id_formatu, cena, ilosc_sztuk ) VALUES ( '5155752624', 50, 40, 0 ); 
INSERT INTO ksiegarnia_internetowa.formaty_ksiazek( id_ksiazki, id_formatu, cena, ilosc_sztuk ) VALUES ( '6895047952', 2, 79, 860 ); 
INSERT INTO ksiegarnia_internetowa.formaty_ksiazek( id_ksiazki, id_formatu, cena, ilosc_sztuk ) VALUES ( '1766350739', 184, 30, 151 ); 
INSERT INTO ksiegarnia_internetowa.formaty_ksiazek( id_ksiazki, id_formatu, cena, ilosc_sztuk ) VALUES ( '8294145881', 20, 38, 603 ); 
INSERT INTO ksiegarnia_internetowa.formaty_ksiazek( id_ksiazki, id_formatu, cena, ilosc_sztuk ) VALUES ( '2424056778', 13, 54, 371 ); 
INSERT INTO ksiegarnia_internetowa.formaty_ksiazek( id_ksiazki, id_formatu, cena, ilosc_sztuk ) VALUES ( '8294145881', 5, 15, 415 ); 
INSERT INTO ksiegarnia_internetowa.formaty_ksiazek( id_ksiazki, id_formatu, cena, ilosc_sztuk ) VALUES ( '2476312570', 178, 66, 728 ); 
INSERT INTO ksiegarnia_internetowa.formaty_ksiazek( id_ksiazki, id_formatu, cena, ilosc_sztuk ) VALUES ( '0815834759', 18, 22, 156 ); 
INSERT INTO ksiegarnia_internetowa.formaty_ksiazek( id_ksiazki, id_formatu, cena, ilosc_sztuk ) VALUES ( '6536417767', 178, 35, 844 ); 
INSERT INTO ksiegarnia_internetowa.formaty_ksiazek( id_ksiazki, id_formatu, cena, ilosc_sztuk ) VALUES ( '5155752624', 13, 69, 473 ); 
INSERT INTO ksiegarnia_internetowa.formaty_ksiazek( id_ksiazki, id_formatu, cena, ilosc_sztuk ) VALUES ( '1943315230', 53, 13, 145 ); 
INSERT INTO ksiegarnia_internetowa.formaty_ksiazek( id_ksiazki, id_formatu, cena, ilosc_sztuk ) VALUES ( '5776458528', 51, 30, 266 ); 
INSERT INTO ksiegarnia_internetowa.formaty_ksiazek( id_ksiazki, id_formatu, cena, ilosc_sztuk ) VALUES ( '0623422718', 26, 98, 701 ); 
INSERT INTO ksiegarnia_internetowa.formaty_ksiazek( id_ksiazki, id_formatu, cena, ilosc_sztuk ) VALUES ( '3317254575', 53, 23, 886 ); 
INSERT INTO ksiegarnia_internetowa.formaty_ksiazek( id_ksiazki, id_formatu, cena, ilosc_sztuk ) VALUES ( '8388654122', 6, 83, 897 ); 
INSERT INTO ksiegarnia_internetowa.formaty_ksiazek( id_ksiazki, id_formatu, cena, ilosc_sztuk ) VALUES ( '7094445316', 9, 31, 200 ); 
INSERT INTO ksiegarnia_internetowa.formaty_ksiazek( id_ksiazki, id_formatu, cena, ilosc_sztuk ) VALUES ( '2618688327', 5, 75, 835 ); 
INSERT INTO ksiegarnia_internetowa.formaty_ksiazek( id_ksiazki, id_formatu, cena, ilosc_sztuk ) VALUES ( '8833646426', 122, 83, 422 ); 
INSERT INTO ksiegarnia_internetowa.formaty_ksiazek( id_ksiazki, id_formatu, cena, ilosc_sztuk ) VALUES ( '1683033631', 12, 83, 905 ); 
INSERT INTO ksiegarnia_internetowa.formaty_ksiazek( id_ksiazki, id_formatu, cena, ilosc_sztuk ) VALUES ( '5425315840', 5, 95, 310 ); 
INSERT INTO ksiegarnia_internetowa.formaty_ksiazek( id_ksiazki, id_formatu, cena, ilosc_sztuk ) VALUES ( '5246516367', 13, 60, 414 ); 
INSERT INTO ksiegarnia_internetowa.formaty_ksiazek( id_ksiazki, id_formatu, cena, ilosc_sztuk ) VALUES ( '5958887045', 7, 31, 534 ); 
INSERT INTO ksiegarnia_internetowa.formaty_ksiazek( id_ksiazki, id_formatu, cena, ilosc_sztuk ) VALUES ( '4125682636', 184, 66, 71 ); 
INSERT INTO ksiegarnia_internetowa.formaty_ksiazek( id_ksiazki, id_formatu, cena, ilosc_sztuk ) VALUES ( '6287460147', 10, 43, 953 ); 
INSERT INTO ksiegarnia_internetowa.formaty_ksiazek( id_ksiazki, id_formatu, cena, ilosc_sztuk ) VALUES ( '2575398172', 13, 54, 371 ); 
INSERT INTO ksiegarnia_internetowa.formaty_ksiazek( id_ksiazki, id_formatu, cena, ilosc_sztuk ) VALUES ( '2575398172', 178, 66, 728 ); 
INSERT INTO ksiegarnia_internetowa.formaty_ksiazek( id_ksiazki, id_formatu, cena, ilosc_sztuk ) VALUES ( '7383538447', 178, 35, 844 ); 
INSERT INTO ksiegarnia_internetowa.formaty_ksiazek( id_ksiazki, id_formatu, cena, ilosc_sztuk ) VALUES ( '2606176244', 5, 33, 213 ); 
INSERT INTO ksiegarnia_internetowa.formaty_ksiazek( id_ksiazki, id_formatu, cena, ilosc_sztuk ) VALUES ( '2253533631', 13, 98, 13 ); 
INSERT INTO ksiegarnia_internetowa.formaty_ksiazek( id_ksiazki, id_formatu, cena, ilosc_sztuk ) VALUES ( '0815834759', 26, 98, 701 ); 
INSERT INTO ksiegarnia_internetowa.formaty_ksiazek( id_ksiazki, id_formatu, cena, ilosc_sztuk ) VALUES ( '5165447885', 9, 31, 200 ); 
INSERT INTO ksiegarnia_internetowa.formaty_ksiazek( id_ksiazki, id_formatu, cena, ilosc_sztuk ) VALUES ( '6287460147', 18, 70, 492 ); 
INSERT INTO ksiegarnia_internetowa.formaty_ksiazek( id_ksiazki, id_formatu, cena, ilosc_sztuk ) VALUES ( '7383538447', 5, 75, 835 ); 
INSERT INTO ksiegarnia_internetowa.formaty_ksiazek( id_ksiazki, id_formatu, cena, ilosc_sztuk ) VALUES ( '2864655916', 122, 83, 422 ); 
INSERT INTO ksiegarnia_internetowa.formaty_ksiazek( id_ksiazki, id_formatu, cena, ilosc_sztuk ) VALUES ( '7711381474', 19, 46, 992 ); 
INSERT INTO ksiegarnia_internetowa.formaty_ksiazek( id_ksiazki, id_formatu, cena, ilosc_sztuk ) VALUES ( '8388654122', 4, 11, 719 ); 
INSERT INTO ksiegarnia_internetowa.formaty_ksiazek( id_ksiazki, id_formatu, cena, ilosc_sztuk ) VALUES ( '2373171042', 10, 53, 24 ); 
INSERT INTO ksiegarnia_internetowa.formaty_ksiazek( id_ksiazki, id_formatu, cena, ilosc_sztuk ) VALUES ( '1581776073', 1, 57, 703 ); 
INSERT INTO ksiegarnia_internetowa.formaty_ksiazek( id_ksiazki, id_formatu, cena, ilosc_sztuk ) VALUES ( '2747175586', 27, 10, 748 ); 
INSERT INTO ksiegarnia_internetowa.formaty_ksiazek( id_ksiazki, id_formatu, cena, ilosc_sztuk ) VALUES ( '3254257282', 13, 60, 414 ); 
INSERT INTO ksiegarnia_internetowa.formaty_ksiazek( id_ksiazki, id_formatu, cena, ilosc_sztuk ) VALUES ( '2606176244', 2, 79, 860 ); 
INSERT INTO ksiegarnia_internetowa.formaty_ksiazek( id_ksiazki, id_formatu, cena, ilosc_sztuk ) VALUES ( '1766350739', 20, 38, 603 ); 
INSERT INTO ksiegarnia_internetowa.formaty_ksiazek( id_ksiazki, id_formatu, cena, ilosc_sztuk ) VALUES ( '6675611845', 18, 88, 283 ); 
INSERT INTO ksiegarnia_internetowa.formaty_ksiazek( id_ksiazki, id_formatu, cena, ilosc_sztuk ) VALUES ( '2758712733', 184, 66, 71 ); 
INSERT INTO ksiegarnia_internetowa.formaty_ksiazek( id_ksiazki, id_formatu, cena, ilosc_sztuk ) VALUES ( '5744744464', 8, 76, 180 ); 
INSERT INTO ksiegarnia_internetowa.formaty_ksiazek( id_ksiazki, id_formatu, cena, ilosc_sztuk ) VALUES ( '1943315230', 5, 15, 415 ); 
INSERT INTO ksiegarnia_internetowa.formaty_ksiazek( id_ksiazki, id_formatu, cena, ilosc_sztuk ) VALUES ( '7766281412', 39, 15, 471 ); 
INSERT INTO ksiegarnia_internetowa.formaty_ksiazek( id_ksiazki, id_formatu, cena, ilosc_sztuk ) VALUES ( '4784361046', 122, 46, 492 ); 
INSERT INTO ksiegarnia_internetowa.formaty_ksiazek( id_ksiazki, id_formatu, cena, ilosc_sztuk ) VALUES ( '5936727738', 18, 22, 156 ); 
INSERT INTO ksiegarnia_internetowa.formaty_ksiazek( id_ksiazki, id_formatu, cena, ilosc_sztuk ) VALUES ( '6687336541', 29, 34, 253 ); 
INSERT INTO ksiegarnia_internetowa.formaty_ksiazek( id_ksiazki, id_formatu, cena, ilosc_sztuk ) VALUES ( '8125015944', 3, 27, 163 ); 
INSERT INTO ksiegarnia_internetowa.formaty_ksiazek( id_ksiazki, id_formatu, cena, ilosc_sztuk ) VALUES ( '1618507727', 51, 30, 266 ); 
INSERT INTO ksiegarnia_internetowa.formaty_ksiazek( id_ksiazki, id_formatu, cena, ilosc_sztuk ) VALUES ( '8271916723', 12, 8, 380 ); 
INSERT INTO ksiegarnia_internetowa.formaty_ksiazek( id_ksiazki, id_formatu, cena, ilosc_sztuk ) VALUES ( '1444137276', 53, 73, 237 ); 
INSERT INTO ksiegarnia_internetowa.formaty_ksiazek( id_ksiazki, id_formatu, cena, ilosc_sztuk ) VALUES ( '4524108284', 13, 98, 13 ); 
INSERT INTO ksiegarnia_internetowa.formaty_ksiazek( id_ksiazki, id_formatu, cena, ilosc_sztuk ) VALUES ( '3747264531', 39, 38, 297 ); 
INSERT INTO ksiegarnia_internetowa.formaty_ksiazek( id_ksiazki, id_formatu, cena, ilosc_sztuk ) VALUES ( '6272515348', 12, 38, 256 ); 
INSERT INTO ksiegarnia_internetowa.formaty_ksiazek( id_ksiazki, id_formatu, cena, ilosc_sztuk ) VALUES ( '2415828216', 18, 91, 301 ); 
INSERT INTO ksiegarnia_internetowa.formaty_ksiazek( id_ksiazki, id_formatu, cena, ilosc_sztuk ) VALUES ( '2618688327', 8, 98, 336 ); 
INSERT INTO ksiegarnia_internetowa.formaty_ksiazek( id_ksiazki, id_formatu, cena, ilosc_sztuk ) VALUES ( '3317254575', 12, 83, 905 ); 
INSERT INTO ksiegarnia_internetowa.formaty_ksiazek( id_ksiazki, id_formatu, cena, ilosc_sztuk ) VALUES ( '2373171042', 14, 37, 587 ); 
INSERT INTO ksiegarnia_internetowa.formaty_ksiazek( id_ksiazki, id_formatu, cena, ilosc_sztuk ) VALUES ( '1615167205', 39, 27, 221 ); 
INSERT INTO ksiegarnia_internetowa.formaty_ksiazek( id_ksiazki, id_formatu, cena, ilosc_sztuk ) VALUES ( '4573398681', 19, 46, 992 ); 
INSERT INTO ksiegarnia_internetowa.formaty_ksiazek( id_ksiazki, id_formatu, cena, ilosc_sztuk ) VALUES ( '0523633769', 13, 81, 895 ); 
INSERT INTO ksiegarnia_internetowa.formaty_ksiazek( id_ksiazki, id_formatu, cena, ilosc_sztuk ) VALUES ( '6523244116', 1, 57, 703 ); 
INSERT INTO ksiegarnia_internetowa.formaty_ksiazek( id_ksiazki, id_formatu, cena, ilosc_sztuk ) VALUES ( '5744744464', 4, 50, 330 ); 
INSERT INTO ksiegarnia_internetowa.formaty_ksiazek( id_ksiazki, id_formatu, cena, ilosc_sztuk ) VALUES ( '6895047952', 27, 10, 748 ); 
INSERT INTO ksiegarnia_internetowa.formaty_ksiazek( id_ksiazki, id_formatu, cena, ilosc_sztuk ) VALUES ( '7221147221', 1, 74, 491 ); 
INSERT INTO ksiegarnia_internetowa.formaty_ksiazek( id_ksiazki, id_formatu, cena, ilosc_sztuk ) VALUES ( '8012109871', 7, 31, 534 ); 
INSERT INTO ksiegarnia_internetowa.formaty_ksiazek( id_ksiazki, id_formatu, cena, ilosc_sztuk ) VALUES ( '3623778789', 178, 50, 949 ); 
INSERT INTO ksiegarnia_internetowa.formaty_ksiazek( id_ksiazki, id_formatu, cena, ilosc_sztuk ) VALUES ( '7593067241', 18, 88, 283 ); 
INSERT INTO ksiegarnia_internetowa.formaty_ksiazek( id_ksiazki, id_formatu, cena, ilosc_sztuk ) VALUES ( '2758712733', 14, 94, 986 ); 
INSERT INTO ksiegarnia_internetowa.formaty_ksiazek( id_ksiazki, id_formatu, cena, ilosc_sztuk ) VALUES ( '8012109871', 13, 54, 371 ); 
INSERT INTO ksiegarnia_internetowa.formaty_ksiazek( id_ksiazki, id_formatu, cena, ilosc_sztuk ) VALUES ( '2864655916', 8, 76, 180 ); 
INSERT INTO ksiegarnia_internetowa.formaty_ksiazek( id_ksiazki, id_formatu, cena, ilosc_sztuk ) VALUES ( '3317254575', 178, 66, 728 ); 
INSERT INTO ksiegarnia_internetowa.formaty_ksiazek( id_ksiazki, id_formatu, cena, ilosc_sztuk ) VALUES ( '2211724122', 39, 15, 471 ); 
INSERT INTO ksiegarnia_internetowa.formaty_ksiazek( id_ksiazki, id_formatu, cena, ilosc_sztuk ) VALUES ( '2723947168', 14, 82, 234 ); 
INSERT INTO ksiegarnia_internetowa.formaty_ksiazek( id_ksiazki, id_formatu, cena, ilosc_sztuk ) VALUES ( '1444137276', 122, 46, 492 ); 
INSERT INTO ksiegarnia_internetowa.formaty_ksiazek( id_ksiazki, id_formatu, cena, ilosc_sztuk ) VALUES ( '3254257282', 26, 49, 689 ); 
INSERT INTO ksiegarnia_internetowa.formaty_ksiazek( id_ksiazki, id_formatu, cena, ilosc_sztuk ) VALUES ( '5425315840', 178, 35, 844 ); 
INSERT INTO ksiegarnia_internetowa.formaty_ksiazek( id_ksiazki, id_formatu, cena, ilosc_sztuk ) VALUES ( '2575398172', 29, 34, 253 ); 
INSERT INTO ksiegarnia_internetowa.formaty_ksiazek( id_ksiazki, id_formatu, cena, ilosc_sztuk ) VALUES ( '4573398681', 3, 27, 163 ); 
INSERT INTO ksiegarnia_internetowa.formaty_ksiazek( id_ksiazki, id_formatu, cena, ilosc_sztuk ) VALUES ( '1444137276', 5, 32, 200 ); 
INSERT INTO ksiegarnia_internetowa.formaty_ksiazek( id_ksiazki, id_formatu, cena, ilosc_sztuk ) VALUES ( '5165447885', 12, 8, 380 ); 
INSERT INTO ksiegarnia_internetowa.formaty_ksiazek( id_ksiazki, id_formatu, cena, ilosc_sztuk ) VALUES ( '7766281412', 178, 90, 900 ); 
INSERT INTO ksiegarnia_internetowa.formaty_ksiazek( id_ksiazki, id_formatu, cena, ilosc_sztuk ) VALUES ( '6675611845', 39, 8, 758 ); 
INSERT INTO ksiegarnia_internetowa.formaty_ksiazek( id_ksiazki, id_formatu, cena, ilosc_sztuk ) VALUES ( '8271916723', 83, 38, 37 ); 
INSERT INTO ksiegarnia_internetowa.formaty_ksiazek( id_ksiazki, id_formatu, cena, ilosc_sztuk ) VALUES ( '3747674218', 53, 98, 742 ); 
INSERT INTO ksiegarnia_internetowa.formaty_ksiazek( id_ksiazki, id_formatu, cena, ilosc_sztuk ) VALUES ( '8686342526', 39, 38, 297 ); 
INSERT INTO ksiegarnia_internetowa.formaty_ksiazek( id_ksiazki, id_formatu, cena, ilosc_sztuk ) VALUES ( '4573398681', 1, 24, 137 ); 
INSERT INTO ksiegarnia_internetowa.formaty_ksiazek( id_ksiazki, id_formatu, cena, ilosc_sztuk ) VALUES ( '5155752624', 26, 98, 701 ); 
INSERT INTO ksiegarnia_internetowa.formaty_ksiazek( id_ksiazki, id_formatu, cena, ilosc_sztuk ) VALUES ( '2575398172', 12, 38, 256 ); 
INSERT INTO ksiegarnia_internetowa.formaty_ksiazek( id_ksiazki, id_formatu, cena, ilosc_sztuk ) VALUES ( '4573398681', 18, 91, 301 ); 
INSERT INTO ksiegarnia_internetowa.formaty_ksiazek( id_ksiazki, id_formatu, cena, ilosc_sztuk ) VALUES ( '1766350739', 9, 31, 200 ); 
INSERT INTO ksiegarnia_internetowa.formaty_ksiazek( id_ksiazki, id_formatu, cena, ilosc_sztuk ) VALUES ( '3174556562', 8, 98, 336 ); 
INSERT INTO ksiegarnia_internetowa.formaty_ksiazek( id_ksiazki, id_formatu, cena, ilosc_sztuk ) VALUES ( '8388654122', 5, 75, 835 ); 
INSERT INTO ksiegarnia_internetowa.formaty_ksiazek( id_ksiazki, id_formatu, cena, ilosc_sztuk ) VALUES ( '6287460147', 122, 83, 422 ); 
INSERT INTO ksiegarnia_internetowa.formaty_ksiazek( id_ksiazki, id_formatu, cena, ilosc_sztuk ) VALUES ( '7666678083', 39, 16, 476 ); 
INSERT INTO ksiegarnia_internetowa.formaty_ksiazek( id_ksiazki, id_formatu, cena, ilosc_sztuk ) VALUES ( '1438932151', 80, 50, 783 ); 
INSERT INTO ksiegarnia_internetowa.formaty_ksiazek( id_ksiazki, id_formatu, cena, ilosc_sztuk ) VALUES ( '3747674218', 8, 33, 212 ); 
INSERT INTO ksiegarnia_internetowa.formaty_ksiazek( id_ksiazki, id_formatu, cena, ilosc_sztuk ) VALUES ( '2864655916', 39, 27, 221 ); 
INSERT INTO ksiegarnia_internetowa.formaty_ksiazek( id_ksiazki, id_formatu, cena, ilosc_sztuk ) VALUES ( '4763685832', 38, 68, 843 ); 
INSERT INTO ksiegarnia_internetowa.formaty_ksiazek( id_ksiazki, id_formatu, cena, ilosc_sztuk ) VALUES ( '2061146161', 7, 50, 0 ); 
INSERT INTO ksiegarnia_internetowa.formaty_ksiazek( id_ksiazki, id_formatu, cena, ilosc_sztuk ) VALUES ( '4573398681', 4, 50, 330 ); 
INSERT INTO ksiegarnia_internetowa.formaty_ksiazek( id_ksiazki, id_formatu, cena, ilosc_sztuk ) VALUES ( '7306532738', 1, 64, 90 ); 
INSERT INTO ksiegarnia_internetowa.formaty_ksiazek( id_ksiazki, id_formatu, cena, ilosc_sztuk ) VALUES ( '6675611845', 27, 58, 85 ); 
INSERT INTO ksiegarnia_internetowa.formaty_ksiazek( id_ksiazki, id_formatu, cena, ilosc_sztuk ) VALUES ( '1581776073', 53, 29, 924 ); 
INSERT INTO ksiegarnia_internetowa.formaty_ksiazek( id_ksiazki, id_formatu, cena, ilosc_sztuk ) VALUES ( '1943315230', 13, 60, 414 ); 
INSERT INTO ksiegarnia_internetowa.formaty_ksiazek( id_ksiazki, id_formatu, cena, ilosc_sztuk ) VALUES ( '8294145881', 1, 74, 491 ); 
INSERT INTO ksiegarnia_internetowa.formaty_ksiazek( id_ksiazki, id_formatu, cena, ilosc_sztuk ) VALUES ( '4573398681', 50, 16, 499 ); 
INSERT INTO ksiegarnia_internetowa.formaty_ksiazek( id_ksiazki, id_formatu, cena, ilosc_sztuk ) VALUES ( '1215094748', 178, 50, 949 ); 
INSERT INTO ksiegarnia_internetowa.formaty_ksiazek( id_ksiazki, id_formatu, cena, ilosc_sztuk ) VALUES ( '3317254575', 184, 66, 71 ); 
INSERT INTO ksiegarnia_internetowa.formaty_ksiazek( id_ksiazki, id_formatu, cena, ilosc_sztuk ) VALUES ( '2211724122', 14, 94, 986 ); 
INSERT INTO ksiegarnia_internetowa.formaty_ksiazek( id_ksiazki, id_formatu, cena, ilosc_sztuk ) VALUES ( '4524108284', 122, 37, 764 ); 
INSERT INTO ksiegarnia_internetowa.formaty_ksiazek( id_ksiazki, id_formatu, cena, ilosc_sztuk ) VALUES ( '7766281412', 80, 90, 401 ); 
INSERT INTO ksiegarnia_internetowa.formaty_ksiazek( id_ksiazki, id_formatu, cena, ilosc_sztuk ) VALUES ( '6228446011', 17, 9, 394 ); 
INSERT INTO ksiegarnia_internetowa.formaty_ksiazek( id_ksiazki, id_formatu, cena, ilosc_sztuk ) VALUES ( '3254257282', 14, 82, 234 ); 
INSERT INTO ksiegarnia_internetowa.formaty_ksiazek( id_ksiazki, id_formatu, cena, ilosc_sztuk ) VALUES ( '3174556562', 26, 49, 689 ); 
INSERT INTO ksiegarnia_internetowa.formaty_ksiazek( id_ksiazki, id_formatu, cena, ilosc_sztuk ) VALUES ( '6895047952', 37, 83, 282 ); 
INSERT INTO ksiegarnia_internetowa.formaty_ksiazek( id_ksiazki, id_formatu, cena, ilosc_sztuk ) VALUES ( '5776458528', 5, 32, 200 ); 
INSERT INTO ksiegarnia_internetowa.formaty_ksiazek( id_ksiazki, id_formatu, cena, ilosc_sztuk ) VALUES ( '8012109871', 53, 73, 237 ); 
INSERT INTO ksiegarnia_internetowa.formaty_ksiazek( id_ksiazki, id_formatu, cena, ilosc_sztuk ) VALUES ( '6393470482', 39, 8, 758 ); 
INSERT INTO ksiegarnia_internetowa.formaty_ksiazek( id_ksiazki, id_formatu, cena, ilosc_sztuk ) VALUES ( '3174556562', 83, 38, 37 ); 
INSERT INTO ksiegarnia_internetowa.formaty_ksiazek( id_ksiazki, id_formatu, cena, ilosc_sztuk ) VALUES ( '1581776073', 27, 67, 485 ); 
INSERT INTO ksiegarnia_internetowa.formaty_ksiazek( id_ksiazki, id_formatu, cena, ilosc_sztuk ) VALUES ( '5425315840', 13, 98, 13 ); 
INSERT INTO ksiegarnia_internetowa.formaty_ksiazek( id_ksiazki, id_formatu, cena, ilosc_sztuk ) VALUES ( '3682171021', 53, 98, 742 ); 
INSERT INTO ksiegarnia_internetowa.formaty_ksiazek( id_ksiazki, id_formatu, cena, ilosc_sztuk ) VALUES ( '8118024957', 39, 16, 476 ); 
INSERT INTO ksiegarnia_internetowa.formaty_ksiazek( id_ksiazki, id_formatu, cena, ilosc_sztuk ) VALUES ( '2575398172', 80, 50, 783 ); 
INSERT INTO ksiegarnia_internetowa.formaty_ksiazek( id_ksiazki, id_formatu, cena, ilosc_sztuk ) VALUES ( '0815834759', 8, 33, 212 ); 
INSERT INTO ksiegarnia_internetowa.formaty_ksiazek( id_ksiazki, id_formatu, cena, ilosc_sztuk ) VALUES ( '5165447885', 38, 68, 843 ); 
INSERT INTO ksiegarnia_internetowa.formaty_ksiazek( id_ksiazki, id_formatu, cena, ilosc_sztuk ) VALUES ( '8012109871', 19, 46, 992 ); 
INSERT INTO ksiegarnia_internetowa.formaty_ksiazek( id_ksiazki, id_formatu, cena, ilosc_sztuk ) VALUES ( '1683033631', 7, 50, 0 ); 
INSERT INTO ksiegarnia_internetowa.formaty_ksiazek( id_ksiazki, id_formatu, cena, ilosc_sztuk ) VALUES ( '5425315840', 1, 57, 703 ); 
INSERT INTO ksiegarnia_internetowa.formaty_ksiazek( id_ksiazki, id_formatu, cena, ilosc_sztuk ) VALUES ( '5958887045', 1, 64, 90 ); 
INSERT INTO ksiegarnia_internetowa.formaty_ksiazek( id_ksiazki, id_formatu, cena, ilosc_sztuk ) VALUES ( '3701043663', 27, 58, 85 ); 
INSERT INTO ksiegarnia_internetowa.formaty_ksiazek( id_ksiazki, id_formatu, cena, ilosc_sztuk ) VALUES ( '3483245128', 53, 29, 924 ); 
INSERT INTO ksiegarnia_internetowa.formaty_ksiazek( id_ksiazki, id_formatu, cena, ilosc_sztuk ) VALUES ( '2534658024', 27, 10, 748 ); 
INSERT INTO ksiegarnia_internetowa.formaty_ksiazek( id_ksiazki, id_formatu, cena, ilosc_sztuk ) VALUES ( '1444137276', 50, 16, 499 ); 
INSERT INTO ksiegarnia_internetowa.formaty_ksiazek( id_ksiazki, id_formatu, cena, ilosc_sztuk ) VALUES ( '7383538447', 10, 22, 138 ); 
INSERT INTO ksiegarnia_internetowa.formaty_ksiazek( id_ksiazki, id_formatu, cena, ilosc_sztuk ) VALUES ( '1943315230', 18, 88, 283 ); 
INSERT INTO ksiegarnia_internetowa.formaty_ksiazek( id_ksiazki, id_formatu, cena, ilosc_sztuk ) VALUES ( '2575398172', 122, 37, 764 ); 
INSERT INTO ksiegarnia_internetowa.formaty_ksiazek( id_ksiazki, id_formatu, cena, ilosc_sztuk ) VALUES ( '3317254575', 8, 76, 180 ); 
INSERT INTO ksiegarnia_internetowa.formaty_ksiazek( id_ksiazki, id_formatu, cena, ilosc_sztuk ) VALUES ( '2534658024', 39, 15, 471 ); 
INSERT INTO ksiegarnia_internetowa.formaty_ksiazek( id_ksiazki, id_formatu, cena, ilosc_sztuk ) VALUES ( '4524108284', 80, 90, 401 ); 
INSERT INTO ksiegarnia_internetowa.formaty_ksiazek( id_ksiazki, id_formatu, cena, ilosc_sztuk ) VALUES ( '1147047734', 17, 9, 394 ); 
INSERT INTO ksiegarnia_internetowa.formaty_ksiazek( id_ksiazki, id_formatu, cena, ilosc_sztuk ) VALUES ( '8012109871', 122, 46, 492 ); 
INSERT INTO ksiegarnia_internetowa.formaty_ksiazek( id_ksiazki, id_formatu, cena, ilosc_sztuk ) VALUES ( '3174556562', 37, 83, 282 ); 
INSERT INTO ksiegarnia_internetowa.formaty_ksiazek( id_ksiazki, id_formatu, cena, ilosc_sztuk ) VALUES ( '1943315230', 29, 34, 253 ); 
INSERT INTO ksiegarnia_internetowa.formaty_ksiazek( id_ksiazki, id_formatu, cena, ilosc_sztuk ) VALUES ( '8388654122', 3, 27, 163 ); 
INSERT INTO ksiegarnia_internetowa.formaty_ksiazek( id_ksiazki, id_formatu, cena, ilosc_sztuk ) VALUES ( '2864655916', 27, 67, 485 ); 
INSERT INTO ksiegarnia_internetowa.formaty_ksiazek( id_ksiazki, id_formatu, cena, ilosc_sztuk ) VALUES ( '5155752624', 39, 38, 297 ); 
INSERT INTO ksiegarnia_internetowa.formaty_ksiazek( id_ksiazki, id_formatu, cena, ilosc_sztuk ) VALUES ( '5936727738', 12, 38, 256 ); 
INSERT INTO ksiegarnia_internetowa.formaty_ksiazek( id_ksiazki, id_formatu, cena, ilosc_sztuk ) VALUES ( '2585304726', 18, 91, 301 ); 
INSERT INTO ksiegarnia_internetowa.formaty_ksiazek( id_ksiazki, id_formatu, cena, ilosc_sztuk ) VALUES ( '1618507727', 39, 27, 221 ); 
INSERT INTO ksiegarnia_internetowa.formaty_ksiazek( id_ksiazki, id_formatu, cena, ilosc_sztuk ) VALUES ( '5425315840', 4, 50, 330 ); 
INSERT INTO ksiegarnia_internetowa.formaty_ksiazek( id_ksiazki, id_formatu, cena, ilosc_sztuk ) VALUES ( '3875193242', 178, 50, 949 ); 
INSERT INTO ksiegarnia_internetowa.formaty_ksiazek( id_ksiazki, id_formatu, cena, ilosc_sztuk ) VALUES ( '8012109871', 14, 94, 986 ); 
INSERT INTO ksiegarnia_internetowa.formaty_ksiazek( id_ksiazki, id_formatu, cena, ilosc_sztuk ) VALUES ( '3875193242', 14, 82, 234 ); 
INSERT INTO ksiegarnia_internetowa.formaty_ksiazek( id_ksiazki, id_formatu, cena, ilosc_sztuk ) VALUES ( '5155752624', 178, 90, 900 ); 
INSERT INTO ksiegarnia_internetowa.formaty_ksiazek( id_ksiazki, id_formatu, cena, ilosc_sztuk ) VALUES ( '3317254575', 39, 8, 758 ); 
INSERT INTO ksiegarnia_internetowa.formaty_ksiazek( id_ksiazki, id_formatu, cena, ilosc_sztuk ) VALUES ( '5425315840', 83, 38, 37 ); 
INSERT INTO ksiegarnia_internetowa.formaty_ksiazek( id_ksiazki, id_formatu, cena, ilosc_sztuk ) VALUES ( '3875193242', 53, 98, 742 ); 
INSERT INTO ksiegarnia_internetowa.formaty_ksiazek( id_ksiazki, id_formatu, cena, ilosc_sztuk ) VALUES ( '6287460147', 39, 16, 476 ); 
INSERT INTO ksiegarnia_internetowa.formaty_ksiazek( id_ksiazki, id_formatu, cena, ilosc_sztuk ) VALUES ( '8012109871', 80, 50, 783 ); 
INSERT INTO ksiegarnia_internetowa.formaty_ksiazek( id_ksiazki, id_formatu, cena, ilosc_sztuk ) VALUES ( '2534658024', 8, 33, 212 ); 
INSERT INTO ksiegarnia_internetowa.formaty_ksiazek( id_ksiazki, id_formatu, cena, ilosc_sztuk ) VALUES ( '2606176244', 38, 68, 843 ); 
INSERT INTO ksiegarnia_internetowa.formaty_ksiazek( id_ksiazki, id_formatu, cena, ilosc_sztuk ) VALUES ( '8388654122', 7, 50, 0 ); 
INSERT INTO ksiegarnia_internetowa.formaty_ksiazek( id_ksiazki, id_formatu, cena, ilosc_sztuk ) VALUES ( '8012109871', 27, 58, 85 ); 
INSERT INTO ksiegarnia_internetowa.formaty_ksiazek( id_ksiazki, id_formatu, cena, ilosc_sztuk ) VALUES ( '1766350739', 53, 29, 924 ); 
INSERT INTO ksiegarnia_internetowa.formaty_ksiazek( id_ksiazki, id_formatu, cena, ilosc_sztuk ) VALUES ( '2585304726', 50, 16, 499 ); 
INSERT INTO ksiegarnia_internetowa.formaty_ksiazek( id_ksiazki, id_formatu, cena, ilosc_sztuk ) VALUES ( '5936727738', 10, 22, 138 ); 
INSERT INTO ksiegarnia_internetowa.formaty_ksiazek( id_ksiazki, id_formatu, cena, ilosc_sztuk ) VALUES ( '1618507727', 122, 37, 764 ); 
INSERT INTO ksiegarnia_internetowa.formaty_ksiazek( id_ksiazki, id_formatu, cena, ilosc_sztuk ) VALUES ( '6287460147', 17, 9, 394 ); 
INSERT INTO ksiegarnia_internetowa.formaty_ksiazek( id_ksiazki, id_formatu, cena, ilosc_sztuk ) VALUES ( '2606176244', 37, 83, 282 ); 
INSERT INTO ksiegarnia_internetowa.formaty_ksiazek( id_ksiazki, id_formatu, cena, ilosc_sztuk ) VALUES ( '5155752624', 27, 67, 485 ); 

INSERT INTO ksiegarnia_internetowa.gatunki_ksiazek( id_ksiazki, id_gatunku ) VALUES ( '7143613460', 90 ); 
INSERT INTO ksiegarnia_internetowa.gatunki_ksiazek( id_ksiazki, id_gatunku ) VALUES ( '4573398681', 90 ); 
INSERT INTO ksiegarnia_internetowa.gatunki_ksiazek( id_ksiazki, id_gatunku ) VALUES ( '7711381474', 2 ); 
INSERT INTO ksiegarnia_internetowa.gatunki_ksiazek( id_ksiazki, id_gatunku ) VALUES ( '5776458528', 2 ); 
INSERT INTO ksiegarnia_internetowa.gatunki_ksiazek( id_ksiazki, id_gatunku ) VALUES ( '1766350739', 32 ); 
INSERT INTO ksiegarnia_internetowa.gatunki_ksiazek( id_ksiazki, id_gatunku ) VALUES ( '3483245128', 32 ); 
INSERT INTO ksiegarnia_internetowa.gatunki_ksiazek( id_ksiazki, id_gatunku ) VALUES ( '4784361046', 43 ); 
INSERT INTO ksiegarnia_internetowa.gatunki_ksiazek( id_ksiazki, id_gatunku ) VALUES ( '2575398172', 43 ); 
INSERT INTO ksiegarnia_internetowa.gatunki_ksiazek( id_ksiazki, id_gatunku ) VALUES ( '2621529756', 38 ); 
INSERT INTO ksiegarnia_internetowa.gatunki_ksiazek( id_ksiazki, id_gatunku ) VALUES ( '8118024957', 38 ); 
INSERT INTO ksiegarnia_internetowa.gatunki_ksiazek( id_ksiazki, id_gatunku ) VALUES ( '1615167205', 2 ); 
INSERT INTO ksiegarnia_internetowa.gatunki_ksiazek( id_ksiazki, id_gatunku ) VALUES ( '8118024957', 2 ); 
INSERT INTO ksiegarnia_internetowa.gatunki_ksiazek( id_ksiazki, id_gatunku ) VALUES ( '7236138477', 3 ); 
INSERT INTO ksiegarnia_internetowa.gatunki_ksiazek( id_ksiazki, id_gatunku ) VALUES ( '5876444420', 3 ); 
INSERT INTO ksiegarnia_internetowa.gatunki_ksiazek( id_ksiazki, id_gatunku ) VALUES ( '2373171042', 44 ); 
INSERT INTO ksiegarnia_internetowa.gatunki_ksiazek( id_ksiazki, id_gatunku ) VALUES ( '3875193242', 49 ); 
INSERT INTO ksiegarnia_internetowa.gatunki_ksiazek( id_ksiazki, id_gatunku ) VALUES ( '3522977451', 44 ); 
INSERT INTO ksiegarnia_internetowa.gatunki_ksiazek( id_ksiazki, id_gatunku ) VALUES ( '3522977451', 49 ); 
INSERT INTO ksiegarnia_internetowa.gatunki_ksiazek( id_ksiazki, id_gatunku ) VALUES ( '7711381474', 67 ); 
INSERT INTO ksiegarnia_internetowa.gatunki_ksiazek( id_ksiazki, id_gatunku ) VALUES ( '1509403455', 107 ); 
INSERT INTO ksiegarnia_internetowa.gatunki_ksiazek( id_ksiazki, id_gatunku ) VALUES ( '9234819316', 59 ); 
INSERT INTO ksiegarnia_internetowa.gatunki_ksiazek( id_ksiazki, id_gatunku ) VALUES ( '7593067241', 67 ); 
INSERT INTO ksiegarnia_internetowa.gatunki_ksiazek( id_ksiazki, id_gatunku ) VALUES ( '3747264531', 11 ); 
INSERT INTO ksiegarnia_internetowa.gatunki_ksiazek( id_ksiazki, id_gatunku ) VALUES ( '6523244116', 107 ); 
INSERT INTO ksiegarnia_internetowa.gatunki_ksiazek( id_ksiazki, id_gatunku ) VALUES ( '3747674218', 59 ); 
INSERT INTO ksiegarnia_internetowa.gatunki_ksiazek( id_ksiazki, id_gatunku ) VALUES ( '3317254575', 33 ); 
INSERT INTO ksiegarnia_internetowa.gatunki_ksiazek( id_ksiazki, id_gatunku ) VALUES ( '3483245128', 11 ); 
INSERT INTO ksiegarnia_internetowa.gatunki_ksiazek( id_ksiazki, id_gatunku ) VALUES ( '2723947168', 33 ); 
INSERT INTO ksiegarnia_internetowa.gatunki_ksiazek( id_ksiazki, id_gatunku ) VALUES ( '2061146161', 84 ); 
INSERT INTO ksiegarnia_internetowa.gatunki_ksiazek( id_ksiazki, id_gatunku ) VALUES ( '2758712733', 84 ); 
INSERT INTO ksiegarnia_internetowa.gatunki_ksiazek( id_ksiazki, id_gatunku ) VALUES ( '1922173031', 69 ); 
INSERT INTO ksiegarnia_internetowa.gatunki_ksiazek( id_ksiazki, id_gatunku ) VALUES ( '9234819316', 45 ); 
INSERT INTO ksiegarnia_internetowa.gatunki_ksiazek( id_ksiazki, id_gatunku ) VALUES ( '3623778789', 3 ); 
INSERT INTO ksiegarnia_internetowa.gatunki_ksiazek( id_ksiazki, id_gatunku ) VALUES ( '2758712733', 69 ); 
INSERT INTO ksiegarnia_internetowa.gatunki_ksiazek( id_ksiazki, id_gatunku ) VALUES ( '3747674218', 45 ); 
INSERT INTO ksiegarnia_internetowa.gatunki_ksiazek( id_ksiazki, id_gatunku ) VALUES ( '3174556562', 3 ); 
INSERT INTO ksiegarnia_internetowa.gatunki_ksiazek( id_ksiazki, id_gatunku ) VALUES ( '2606176244', 34 ); 
INSERT INTO ksiegarnia_internetowa.gatunki_ksiazek( id_ksiazki, id_gatunku ) VALUES ( '6442833247', 27 ); 
INSERT INTO ksiegarnia_internetowa.gatunki_ksiazek( id_ksiazki, id_gatunku ) VALUES ( '1922173031', 8 ); 
INSERT INTO ksiegarnia_internetowa.gatunki_ksiazek( id_ksiazki, id_gatunku ) VALUES ( '6505377020', 20 ); 
INSERT INTO ksiegarnia_internetowa.gatunki_ksiazek( id_ksiazki, id_gatunku ) VALUES ( '6228446011', 20 ); 
INSERT INTO ksiegarnia_internetowa.gatunki_ksiazek( id_ksiazki, id_gatunku ) VALUES ( '5165447885', 34 ); 
INSERT INTO ksiegarnia_internetowa.gatunki_ksiazek( id_ksiazki, id_gatunku ) VALUES ( '5958887045', 27 ); 
INSERT INTO ksiegarnia_internetowa.gatunki_ksiazek( id_ksiazki, id_gatunku ) VALUES ( '6393470482', 8 ); 
INSERT INTO ksiegarnia_internetowa.gatunki_ksiazek( id_ksiazki, id_gatunku ) VALUES ( '3747674218', 20 ); 
INSERT INTO ksiegarnia_internetowa.gatunki_ksiazek( id_ksiazki, id_gatunku ) VALUES ( '1147047734', 20 ); 
INSERT INTO ksiegarnia_internetowa.gatunki_ksiazek( id_ksiazki, id_gatunku ) VALUES ( '7666678083', 12 ); 
INSERT INTO ksiegarnia_internetowa.gatunki_ksiazek( id_ksiazki, id_gatunku ) VALUES ( '2151253505', 17 ); 
INSERT INTO ksiegarnia_internetowa.gatunki_ksiazek( id_ksiazki, id_gatunku ) VALUES ( '3747264531', 17 ); 
INSERT INTO ksiegarnia_internetowa.gatunki_ksiazek( id_ksiazki, id_gatunku ) VALUES ( '2211724122', 12 ); 
INSERT INTO ksiegarnia_internetowa.gatunki_ksiazek( id_ksiazki, id_gatunku ) VALUES ( '5936727738', 67 ); 
INSERT INTO ksiegarnia_internetowa.gatunki_ksiazek( id_ksiazki, id_gatunku ) VALUES ( '6523244116', 17 ); 
INSERT INTO ksiegarnia_internetowa.gatunki_ksiazek( id_ksiazki, id_gatunku ) VALUES ( '9317523760', 7 ); 
INSERT INTO ksiegarnia_internetowa.gatunki_ksiazek( id_ksiazki, id_gatunku ) VALUES ( '0623422718', 100 ); 
INSERT INTO ksiegarnia_internetowa.gatunki_ksiazek( id_ksiazki, id_gatunku ) VALUES ( '3483245128', 17 ); 
INSERT INTO ksiegarnia_internetowa.gatunki_ksiazek( id_ksiazki, id_gatunku ) VALUES ( '5958887045', 67 ); 
INSERT INTO ksiegarnia_internetowa.gatunki_ksiazek( id_ksiazki, id_gatunku ) VALUES ( '3522977451', 7 ); 
INSERT INTO ksiegarnia_internetowa.gatunki_ksiazek( id_ksiazki, id_gatunku ) VALUES ( '2864655916', 100 ); 
INSERT INTO ksiegarnia_internetowa.gatunki_ksiazek( id_ksiazki, id_gatunku ) VALUES ( '5648618374', 43 ); 
INSERT INTO ksiegarnia_internetowa.gatunki_ksiazek( id_ksiazki, id_gatunku ) VALUES ( '1922173031', 12 ); 
INSERT INTO ksiegarnia_internetowa.gatunki_ksiazek( id_ksiazki, id_gatunku ) VALUES ( '4784361046', 9 ); 
INSERT INTO ksiegarnia_internetowa.gatunki_ksiazek( id_ksiazki, id_gatunku ) VALUES ( '2758712733', 43 ); 
INSERT INTO ksiegarnia_internetowa.gatunki_ksiazek( id_ksiazki, id_gatunku ) VALUES ( '2151253505', 88 ); 
INSERT INTO ksiegarnia_internetowa.gatunki_ksiazek( id_ksiazki, id_gatunku ) VALUES ( '3701043663', 12 ); 
INSERT INTO ksiegarnia_internetowa.gatunki_ksiazek( id_ksiazki, id_gatunku ) VALUES ( '0398625886', 36 ); 
INSERT INTO ksiegarnia_internetowa.gatunki_ksiazek( id_ksiazki, id_gatunku ) VALUES ( '6687336541', 9 ); 
INSERT INTO ksiegarnia_internetowa.gatunki_ksiazek( id_ksiazki, id_gatunku ) VALUES ( '1444137276', 9 ); 
INSERT INTO ksiegarnia_internetowa.gatunki_ksiazek( id_ksiazki, id_gatunku ) VALUES ( '7766281412', 36 ); 
INSERT INTO ksiegarnia_internetowa.gatunki_ksiazek( id_ksiazki, id_gatunku ) VALUES ( '6895047952', 88 ); 
INSERT INTO ksiegarnia_internetowa.gatunki_ksiazek( id_ksiazki, id_gatunku ) VALUES ( '6393470482', 36 ); 
INSERT INTO ksiegarnia_internetowa.gatunki_ksiazek( id_ksiazki, id_gatunku ) VALUES ( '6523244116', 9 ); 
INSERT INTO ksiegarnia_internetowa.gatunki_ksiazek( id_ksiazki, id_gatunku ) VALUES ( '7711381474', 225 ); 
INSERT INTO ksiegarnia_internetowa.gatunki_ksiazek( id_ksiazki, id_gatunku ) VALUES ( '2548623757', 18 ); 
INSERT INTO ksiegarnia_internetowa.gatunki_ksiazek( id_ksiazki, id_gatunku ) VALUES ( '1683033631', 36 ); 
INSERT INTO ksiegarnia_internetowa.gatunki_ksiazek( id_ksiazki, id_gatunku ) VALUES ( '5155752624', 62 ); 
INSERT INTO ksiegarnia_internetowa.gatunki_ksiazek( id_ksiazki, id_gatunku ) VALUES ( '3755465478', 105 ); 
INSERT INTO ksiegarnia_internetowa.gatunki_ksiazek( id_ksiazki, id_gatunku ) VALUES ( '1309416513', 9 ); 
INSERT INTO ksiegarnia_internetowa.gatunki_ksiazek( id_ksiazki, id_gatunku ) VALUES ( '2845929541', 21 ); 
INSERT INTO ksiegarnia_internetowa.gatunki_ksiazek( id_ksiazki, id_gatunku ) VALUES ( '5936727738', 49 ); 
INSERT INTO ksiegarnia_internetowa.gatunki_ksiazek( id_ksiazki, id_gatunku ) VALUES ( '2747175586', 9 ); 
INSERT INTO ksiegarnia_internetowa.gatunki_ksiazek( id_ksiazki, id_gatunku ) VALUES ( '7306532738', 32 ); 
INSERT INTO ksiegarnia_internetowa.gatunki_ksiazek( id_ksiazki, id_gatunku ) VALUES ( '1618507727', 225 ); 
INSERT INTO ksiegarnia_internetowa.gatunki_ksiazek( id_ksiazki, id_gatunku ) VALUES ( '4784361046', 95 ); 
INSERT INTO ksiegarnia_internetowa.gatunki_ksiazek( id_ksiazki, id_gatunku ) VALUES ( '2151253505', 62 ); 
INSERT INTO ksiegarnia_internetowa.gatunki_ksiazek( id_ksiazki, id_gatunku ) VALUES ( '4125682636', 46 ); 
INSERT INTO ksiegarnia_internetowa.gatunki_ksiazek( id_ksiazki, id_gatunku ) VALUES ( '6687336541', 95 ); 
INSERT INTO ksiegarnia_internetowa.gatunki_ksiazek( id_ksiazki, id_gatunku ) VALUES ( '1438932151', 15 ); 
INSERT INTO ksiegarnia_internetowa.gatunki_ksiazek( id_ksiazki, id_gatunku ) VALUES ( '5876444420', 18 ); 
INSERT INTO ksiegarnia_internetowa.gatunki_ksiazek( id_ksiazki, id_gatunku ) VALUES ( '3875193242', 100 ); 
INSERT INTO ksiegarnia_internetowa.gatunki_ksiazek( id_ksiazki, id_gatunku ) VALUES ( '2864655916', 62 ); 
INSERT INTO ksiegarnia_internetowa.gatunki_ksiazek( id_ksiazki, id_gatunku ) VALUES ( '5648618374', 9 ); 
INSERT INTO ksiegarnia_internetowa.gatunki_ksiazek( id_ksiazki, id_gatunku ) VALUES ( '3701043663', 105 ); 
INSERT INTO ksiegarnia_internetowa.gatunki_ksiazek( id_ksiazki, id_gatunku ) VALUES ( '6393470482', 9 ); 
INSERT INTO ksiegarnia_internetowa.gatunki_ksiazek( id_ksiazki, id_gatunku ) VALUES ( '2621529756', 43 ); 
INSERT INTO ksiegarnia_internetowa.gatunki_ksiazek( id_ksiazki, id_gatunku ) VALUES ( '3875193242', 87 ); 
INSERT INTO ksiegarnia_internetowa.gatunki_ksiazek( id_ksiazki, id_gatunku ) VALUES ( '8444612204', 21 ); 
INSERT INTO ksiegarnia_internetowa.gatunki_ksiazek( id_ksiazki, id_gatunku ) VALUES ( '8444612204', 49 ); 
INSERT INTO ksiegarnia_internetowa.gatunki_ksiazek( id_ksiazki, id_gatunku ) VALUES ( '2211724122', 9 ); 
INSERT INTO ksiegarnia_internetowa.gatunki_ksiazek( id_ksiazki, id_gatunku ) VALUES ( '1438932151', 26 ); 
INSERT INTO ksiegarnia_internetowa.gatunki_ksiazek( id_ksiazki, id_gatunku ) VALUES ( '5425315840', 36 ); 
INSERT INTO ksiegarnia_internetowa.gatunki_ksiazek( id_ksiazki, id_gatunku ) VALUES ( '9234819316', 7 ); 
INSERT INTO ksiegarnia_internetowa.gatunki_ksiazek( id_ksiazki, id_gatunku ) VALUES ( '6442833247', 15 ); 
INSERT INTO ksiegarnia_internetowa.gatunki_ksiazek( id_ksiazki, id_gatunku ) VALUES ( '7221147221', 32 ); 
INSERT INTO ksiegarnia_internetowa.gatunki_ksiazek( id_ksiazki, id_gatunku ) VALUES ( '2211724122', 95 ); 
INSERT INTO ksiegarnia_internetowa.gatunki_ksiazek( id_ksiazki, id_gatunku ) VALUES ( '2061146161', 95 ); 
INSERT INTO ksiegarnia_internetowa.gatunki_ksiazek( id_ksiazki, id_gatunku ) VALUES ( '8388654122', 62 ); 
INSERT INTO ksiegarnia_internetowa.gatunki_ksiazek( id_ksiazki, id_gatunku ) VALUES ( '9234819316', 4 ); 
INSERT INTO ksiegarnia_internetowa.gatunki_ksiazek( id_ksiazki, id_gatunku ) VALUES ( '0815834759', 46 ); 
INSERT INTO ksiegarnia_internetowa.gatunki_ksiazek( id_ksiazki, id_gatunku ) VALUES ( '7094445316', 28 ); 
INSERT INTO ksiegarnia_internetowa.gatunki_ksiazek( id_ksiazki, id_gatunku ) VALUES ( '4573398681', 95 ); 
INSERT INTO ksiegarnia_internetowa.gatunki_ksiazek( id_ksiazki, id_gatunku ) VALUES ( '6895047952', 15 ); 
INSERT INTO ksiegarnia_internetowa.gatunki_ksiazek( id_ksiazki, id_gatunku ) VALUES ( '3727722433', 8 ); 
INSERT INTO ksiegarnia_internetowa.gatunki_ksiazek( id_ksiazki, id_gatunku ) VALUES ( '1147047734', 100 ); 
INSERT INTO ksiegarnia_internetowa.gatunki_ksiazek( id_ksiazki, id_gatunku ) VALUES ( '4763685832', 26 ); 
INSERT INTO ksiegarnia_internetowa.gatunki_ksiazek( id_ksiazki, id_gatunku ) VALUES ( '8851775655', 9 ); 
INSERT INTO ksiegarnia_internetowa.gatunki_ksiazek( id_ksiazki, id_gatunku ) VALUES ( '1444137276', 43 ); 
INSERT INTO ksiegarnia_internetowa.gatunki_ksiazek( id_ksiazki, id_gatunku ) VALUES ( '5155752624', 33 ); 
INSERT INTO ksiegarnia_internetowa.gatunki_ksiazek( id_ksiazki, id_gatunku ) VALUES ( '8444612204', 87 ); 
INSERT INTO ksiegarnia_internetowa.gatunki_ksiazek( id_ksiazki, id_gatunku ) VALUES ( '2476312570', 100 ); 
INSERT INTO ksiegarnia_internetowa.gatunki_ksiazek( id_ksiazki, id_gatunku ) VALUES ( '1509403455', 17 ); 
INSERT INTO ksiegarnia_internetowa.gatunki_ksiazek( id_ksiazki, id_gatunku ) VALUES ( '2868647371', 20 ); 
INSERT INTO ksiegarnia_internetowa.gatunki_ksiazek( id_ksiazki, id_gatunku ) VALUES ( '6675611845', 62 ); 
INSERT INTO ksiegarnia_internetowa.gatunki_ksiazek( id_ksiazki, id_gatunku ) VALUES ( '8118024957', 26 ); 
INSERT INTO ksiegarnia_internetowa.gatunki_ksiazek( id_ksiazki, id_gatunku ) VALUES ( '5876444420', 36 ); 
INSERT INTO ksiegarnia_internetowa.gatunki_ksiazek( id_ksiazki, id_gatunku ) VALUES ( '1215094748', 7 ); 
INSERT INTO ksiegarnia_internetowa.gatunki_ksiazek( id_ksiazki, id_gatunku ) VALUES ( '3254257282', 15 ); 
INSERT INTO ksiegarnia_internetowa.gatunki_ksiazek( id_ksiazki, id_gatunku ) VALUES ( '6536417767', 11 ); 
INSERT INTO ksiegarnia_internetowa.gatunki_ksiazek( id_ksiazki, id_gatunku ) VALUES ( '5876444420', 95 ); 
INSERT INTO ksiegarnia_internetowa.gatunki_ksiazek( id_ksiazki, id_gatunku ) VALUES ( '6895047952', 4 ); 
INSERT INTO ksiegarnia_internetowa.gatunki_ksiazek( id_ksiazki, id_gatunku ) VALUES ( '8294145881', 28 ); 
INSERT INTO ksiegarnia_internetowa.gatunki_ksiazek( id_ksiazki, id_gatunku ) VALUES ( '2424056778', 18 ); 
INSERT INTO ksiegarnia_internetowa.gatunki_ksiazek( id_ksiazki, id_gatunku ) VALUES ( '8294145881', 8 ); 
INSERT INTO ksiegarnia_internetowa.gatunki_ksiazek( id_ksiazki, id_gatunku ) VALUES ( '1922173031', 95 ); 
INSERT INTO ksiegarnia_internetowa.gatunki_ksiazek( id_ksiazki, id_gatunku ) VALUES ( '8012109871', 36 ); 
INSERT INTO ksiegarnia_internetowa.gatunki_ksiazek( id_ksiazki, id_gatunku ) VALUES ( '4784361046', 36 ); 
INSERT INTO ksiegarnia_internetowa.gatunki_ksiazek( id_ksiazki, id_gatunku ) VALUES ( '0815834759', 26 ); 
INSERT INTO ksiegarnia_internetowa.gatunki_ksiazek( id_ksiazki, id_gatunku ) VALUES ( '0623422718', 36 ); 
INSERT INTO ksiegarnia_internetowa.gatunki_ksiazek( id_ksiazki, id_gatunku ) VALUES ( '5958887045', 33 ); 
INSERT INTO ksiegarnia_internetowa.gatunki_ksiazek( id_ksiazki, id_gatunku ) VALUES ( '2585304726', 44 ); 
INSERT INTO ksiegarnia_internetowa.gatunki_ksiazek( id_ksiazki, id_gatunku ) VALUES ( '2534658024', 67 ); 
INSERT INTO ksiegarnia_internetowa.gatunki_ksiazek( id_ksiazki, id_gatunku ) VALUES ( '7094445316', 14 ); 
INSERT INTO ksiegarnia_internetowa.gatunki_ksiazek( id_ksiazki, id_gatunku ) VALUES ( '2618688327', 8 ); 
INSERT INTO ksiegarnia_internetowa.gatunki_ksiazek( id_ksiazki, id_gatunku ) VALUES ( '3701043663', 100 ); 
INSERT INTO ksiegarnia_internetowa.gatunki_ksiazek( id_ksiazki, id_gatunku ) VALUES ( '1683033631', 17 ); 
INSERT INTO ksiegarnia_internetowa.gatunki_ksiazek( id_ksiazki, id_gatunku ) VALUES ( '2606176244', 100 ); 
INSERT INTO ksiegarnia_internetowa.gatunki_ksiazek( id_ksiazki, id_gatunku ) VALUES ( '7221147221', 62 ); 
INSERT INTO ksiegarnia_internetowa.gatunki_ksiazek( id_ksiazki, id_gatunku ) VALUES ( '5246516367', 19 ); 
INSERT INTO ksiegarnia_internetowa.gatunki_ksiazek( id_ksiazki, id_gatunku ) VALUES ( '5958887045', 11 ); 
INSERT INTO ksiegarnia_internetowa.gatunki_ksiazek( id_ksiazki, id_gatunku ) VALUES ( '4088983482', 45 ); 
INSERT INTO ksiegarnia_internetowa.gatunki_ksiazek( id_ksiazki, id_gatunku ) VALUES ( '2575398172', 18 ); 
INSERT INTO ksiegarnia_internetowa.gatunki_ksiazek( id_ksiazki, id_gatunku ) VALUES ( '2864655916', 36 ); 
INSERT INTO ksiegarnia_internetowa.gatunki_ksiazek( id_ksiazki, id_gatunku ) VALUES ( '6895047952', 36 ); 
INSERT INTO ksiegarnia_internetowa.gatunki_ksiazek( id_ksiazki, id_gatunku ) VALUES ( '2253533631', 18 ); 
INSERT INTO ksiegarnia_internetowa.gatunki_ksiazek( id_ksiazki, id_gatunku ) VALUES ( '0815834759', 36 ); 
INSERT INTO ksiegarnia_internetowa.gatunki_ksiazek( id_ksiazki, id_gatunku ) VALUES ( '5936727738', 107 ); 
INSERT INTO ksiegarnia_internetowa.gatunki_ksiazek( id_ksiazki, id_gatunku ) VALUES ( '1215094748', 44 ); 
INSERT INTO ksiegarnia_internetowa.gatunki_ksiazek( id_ksiazki, id_gatunku ) VALUES ( '1618507727', 67 ); 
INSERT INTO ksiegarnia_internetowa.gatunki_ksiazek( id_ksiazki, id_gatunku ) VALUES ( '5165447885', 14 ); 
INSERT INTO ksiegarnia_internetowa.gatunki_ksiazek( id_ksiazki, id_gatunku ) VALUES ( '7711381474', 27 ); 
INSERT INTO ksiegarnia_internetowa.gatunki_ksiazek( id_ksiazki, id_gatunku ) VALUES ( '7383538447', 8 ); 
INSERT INTO ksiegarnia_internetowa.gatunki_ksiazek( id_ksiazki, id_gatunku ) VALUES ( '1581776073', 2 ); 
INSERT INTO ksiegarnia_internetowa.gatunki_ksiazek( id_ksiazki, id_gatunku ) VALUES ( '2747175586', 38 ); 
INSERT INTO ksiegarnia_internetowa.gatunki_ksiazek( id_ksiazki, id_gatunku ) VALUES ( '8294145881', 100 ); 
INSERT INTO ksiegarnia_internetowa.gatunki_ksiazek( id_ksiazki, id_gatunku ) VALUES ( '3254257282', 19 ); 
INSERT INTO ksiegarnia_internetowa.gatunki_ksiazek( id_ksiazki, id_gatunku ) VALUES ( '6675611845', 26 ); 
INSERT INTO ksiegarnia_internetowa.gatunki_ksiazek( id_ksiazki, id_gatunku ) VALUES ( '8851775655', 45 ); 
INSERT INTO ksiegarnia_internetowa.gatunki_ksiazek( id_ksiazki, id_gatunku ) VALUES ( '5744744464', 12 ); 
INSERT INTO ksiegarnia_internetowa.gatunki_ksiazek( id_ksiazki, id_gatunku ) VALUES ( '7766281412', 53 ); 
INSERT INTO ksiegarnia_internetowa.gatunki_ksiazek( id_ksiazki, id_gatunku ) VALUES ( '0523633769', 45 ); 
INSERT INTO ksiegarnia_internetowa.gatunki_ksiazek( id_ksiazki, id_gatunku ) VALUES ( '8125015944', 5 ); 
INSERT INTO ksiegarnia_internetowa.gatunki_ksiazek( id_ksiazki, id_gatunku ) VALUES ( '8271916723', 18 ); 
INSERT INTO ksiegarnia_internetowa.gatunki_ksiazek( id_ksiazki, id_gatunku ) VALUES ( '6287460147', 32 ); 
INSERT INTO ksiegarnia_internetowa.gatunki_ksiazek( id_ksiazki, id_gatunku ) VALUES ( '4524108284', 18 ); 
INSERT INTO ksiegarnia_internetowa.gatunki_ksiazek( id_ksiazki, id_gatunku ) VALUES ( '1581776073', 129 ); 
INSERT INTO ksiegarnia_internetowa.gatunki_ksiazek( id_ksiazki, id_gatunku ) VALUES ( '6272515348', 17 ); 
INSERT INTO ksiegarnia_internetowa.gatunki_ksiazek( id_ksiazki, id_gatunku ) VALUES ( '2415828216', 25 ); 
INSERT INTO ksiegarnia_internetowa.gatunki_ksiazek( id_ksiazki, id_gatunku ) VALUES ( '1438932151', 227 ); 
INSERT INTO ksiegarnia_internetowa.gatunki_ksiazek( id_ksiazki, id_gatunku ) VALUES ( '1943315230', 1 ); 
INSERT INTO ksiegarnia_internetowa.gatunki_ksiazek( id_ksiazki, id_gatunku ) VALUES ( '2618688327', 12 ); 
INSERT INTO ksiegarnia_internetowa.gatunki_ksiazek( id_ksiazki, id_gatunku ) VALUES ( '9317523760', 49 ); 
INSERT INTO ksiegarnia_internetowa.gatunki_ksiazek( id_ksiazki, id_gatunku ) VALUES ( '1147047734', 107 ); 
INSERT INTO ksiegarnia_internetowa.gatunki_ksiazek( id_ksiazki, id_gatunku ) VALUES ( '4573398681', 27 ); 
INSERT INTO ksiegarnia_internetowa.gatunki_ksiazek( id_ksiazki, id_gatunku ) VALUES ( '6523244116', 2 ); 
INSERT INTO ksiegarnia_internetowa.gatunki_ksiazek( id_ksiazki, id_gatunku ) VALUES ( '6895047952', 38 ); 
INSERT INTO ksiegarnia_internetowa.gatunki_ksiazek( id_ksiazki, id_gatunku ) VALUES ( '7593067241', 26 ); 
INSERT INTO ksiegarnia_internetowa.gatunki_ksiazek( id_ksiazki, id_gatunku ) VALUES ( '2864655916', 12 ); 
INSERT INTO ksiegarnia_internetowa.gatunki_ksiazek( id_ksiazki, id_gatunku ) VALUES ( '2211724122', 53 ); 
INSERT INTO ksiegarnia_internetowa.gatunki_ksiazek( id_ksiazki, id_gatunku ) VALUES ( '1444137276', 45 ); 
INSERT INTO ksiegarnia_internetowa.gatunki_ksiazek( id_ksiazki, id_gatunku ) VALUES ( '4573398681', 5 ); 
INSERT INTO ksiegarnia_internetowa.gatunki_ksiazek( id_ksiazki, id_gatunku ) VALUES ( '5165447885', 18 ); 
INSERT INTO ksiegarnia_internetowa.gatunki_ksiazek( id_ksiazki, id_gatunku ) VALUES ( '2575398172', 32 ); 
INSERT INTO ksiegarnia_internetowa.gatunki_ksiazek( id_ksiazki, id_gatunku ) VALUES ( '2758712733', 129 ); 
INSERT INTO ksiegarnia_internetowa.gatunki_ksiazek( id_ksiazki, id_gatunku ) VALUES ( '2575398172', 17 ); 
INSERT INTO ksiegarnia_internetowa.gatunki_ksiazek( id_ksiazki, id_gatunku ) VALUES ( '4573398681', 25 ); 
INSERT INTO ksiegarnia_internetowa.gatunki_ksiazek( id_ksiazki, id_gatunku ) VALUES ( '6895047952', 227 ); 
INSERT INTO ksiegarnia_internetowa.gatunki_ksiazek( id_ksiazki, id_gatunku ) VALUES ( '5776458528', 1 ); 
INSERT INTO ksiegarnia_internetowa.gatunki_ksiazek( id_ksiazki, id_gatunku ) VALUES ( '3174556562', 12 ); 
INSERT INTO ksiegarnia_internetowa.gatunki_ksiazek( id_ksiazki, id_gatunku ) VALUES ( '5165447885', 49 ); 
INSERT INTO ksiegarnia_internetowa.gatunki_ksiazek( id_ksiazki, id_gatunku ) VALUES ( '3682171021', 90 ); 
INSERT INTO ksiegarnia_internetowa.gatunki_ksiazek( id_ksiazki, id_gatunku ) VALUES ( '3682171021', 2 ); 
INSERT INTO ksiegarnia_internetowa.gatunki_ksiazek( id_ksiazki, id_gatunku ) VALUES ( '3682171021', 32 ); 
INSERT INTO ksiegarnia_internetowa.gatunki_ksiazek( id_ksiazki, id_gatunku ) VALUES ( '8686342526', 43 ); 
INSERT INTO ksiegarnia_internetowa.gatunki_ksiazek( id_ksiazki, id_gatunku ) VALUES ( '3682171021', 38 ); 
INSERT INTO ksiegarnia_internetowa.gatunki_ksiazek( id_ksiazki, id_gatunku ) VALUES ( '3682171021', 3 ); 
INSERT INTO ksiegarnia_internetowa.gatunki_ksiazek( id_ksiazki, id_gatunku ) VALUES ( '3682171021', 44 ); 
INSERT INTO ksiegarnia_internetowa.gatunki_ksiazek( id_ksiazki, id_gatunku ) VALUES ( '3682171021', 49 ); 
INSERT INTO ksiegarnia_internetowa.gatunki_ksiazek( id_ksiazki, id_gatunku ) VALUES ( '3682171021', 67 ); 
INSERT INTO ksiegarnia_internetowa.gatunki_ksiazek( id_ksiazki, id_gatunku ) VALUES ( '8833646426', 107 ); 
INSERT INTO ksiegarnia_internetowa.gatunki_ksiazek( id_ksiazki, id_gatunku ) VALUES ( '8686342526', 59 ); 
INSERT INTO ksiegarnia_internetowa.gatunki_ksiazek( id_ksiazki, id_gatunku ) VALUES ( '3682171021', 11 ); 
INSERT INTO ksiegarnia_internetowa.gatunki_ksiazek( id_ksiazki, id_gatunku ) VALUES ( '8833646426', 33 ); 
INSERT INTO ksiegarnia_internetowa.gatunki_ksiazek( id_ksiazki, id_gatunku ) VALUES ( '8833646426', 84 ); 
INSERT INTO ksiegarnia_internetowa.gatunki_ksiazek( id_ksiazki, id_gatunku ) VALUES ( '3682171021', 69 ); 
INSERT INTO ksiegarnia_internetowa.gatunki_ksiazek( id_ksiazki, id_gatunku ) VALUES ( '8833646426', 45 ); 
INSERT INTO ksiegarnia_internetowa.gatunki_ksiazek( id_ksiazki, id_gatunku ) VALUES ( '8833646426', 3 ); 
INSERT INTO ksiegarnia_internetowa.gatunki_ksiazek( id_ksiazki, id_gatunku ) VALUES ( '8833646426', 34 ); 
INSERT INTO ksiegarnia_internetowa.gatunki_ksiazek( id_ksiazki, id_gatunku ) VALUES ( '3682171021', 27 ); 
INSERT INTO ksiegarnia_internetowa.gatunki_ksiazek( id_ksiazki, id_gatunku ) VALUES ( '8686342526', 8 ); 
INSERT INTO ksiegarnia_internetowa.gatunki_ksiazek( id_ksiazki, id_gatunku ) VALUES ( '8686342526', 20 ); 
INSERT INTO ksiegarnia_internetowa.gatunki_ksiazek( id_ksiazki, id_gatunku ) VALUES ( '8833646426', 12 ); 
INSERT INTO ksiegarnia_internetowa.gatunki_ksiazek( id_ksiazki, id_gatunku ) VALUES ( '8686342526', 17 ); 
INSERT INTO ksiegarnia_internetowa.gatunki_ksiazek( id_ksiazki, id_gatunku ) VALUES ( '3682171021', 17 ); 
INSERT INTO ksiegarnia_internetowa.gatunki_ksiazek( id_ksiazki, id_gatunku ) VALUES ( '3682171021', 7 ); 
INSERT INTO ksiegarnia_internetowa.gatunki_ksiazek( id_ksiazki, id_gatunku ) VALUES ( '8833646426', 100 ); 
INSERT INTO ksiegarnia_internetowa.gatunki_ksiazek( id_ksiazki, id_gatunku ) VALUES ( '3682171021', 43 ); 
INSERT INTO ksiegarnia_internetowa.gatunki_ksiazek( id_ksiazki, id_gatunku ) VALUES ( '3682171021', 12 ); 
INSERT INTO ksiegarnia_internetowa.gatunki_ksiazek( id_ksiazki, id_gatunku ) VALUES ( '8686342526', 9 ); 
INSERT INTO ksiegarnia_internetowa.gatunki_ksiazek( id_ksiazki, id_gatunku ) VALUES ( '8833646426', 88 ); 
INSERT INTO ksiegarnia_internetowa.gatunki_ksiazek( id_ksiazki, id_gatunku ) VALUES ( '8686342526', 36 ); 
INSERT INTO ksiegarnia_internetowa.gatunki_ksiazek( id_ksiazki, id_gatunku ) VALUES ( '8833646426', 9 ); 
INSERT INTO ksiegarnia_internetowa.gatunki_ksiazek( id_ksiazki, id_gatunku ) VALUES ( '8833646426', 36 ); 
INSERT INTO ksiegarnia_internetowa.gatunki_ksiazek( id_ksiazki, id_gatunku ) VALUES ( '8833646426', 225 ); 
INSERT INTO ksiegarnia_internetowa.gatunki_ksiazek( id_ksiazki, id_gatunku ) VALUES ( '8686342526', 18 ); 
INSERT INTO ksiegarnia_internetowa.gatunki_ksiazek( id_ksiazki, id_gatunku ) VALUES ( '3682171021', 62 ); 
INSERT INTO ksiegarnia_internetowa.gatunki_ksiazek( id_ksiazki, id_gatunku ) VALUES ( '3682171021', 105 ); 
INSERT INTO ksiegarnia_internetowa.gatunki_ksiazek( id_ksiazki, id_gatunku ) VALUES ( '3682171021', 9 ); 
INSERT INTO ksiegarnia_internetowa.gatunki_ksiazek( id_ksiazki, id_gatunku ) VALUES ( '8686342526', 21 ); 
INSERT INTO ksiegarnia_internetowa.gatunki_ksiazek( id_ksiazki, id_gatunku ) VALUES ( '8686342526', 49 ); 
INSERT INTO ksiegarnia_internetowa.gatunki_ksiazek( id_ksiazki, id_gatunku ) VALUES ( '8686342526', 32 ); 
INSERT INTO ksiegarnia_internetowa.gatunki_ksiazek( id_ksiazki, id_gatunku ) VALUES ( '8833646426', 95 ); 
INSERT INTO ksiegarnia_internetowa.gatunki_ksiazek( id_ksiazki, id_gatunku ) VALUES ( '8833646426', 46 ); 
INSERT INTO ksiegarnia_internetowa.gatunki_ksiazek( id_ksiazki, id_gatunku ) VALUES ( '3682171021', 95 ); 
INSERT INTO ksiegarnia_internetowa.gatunki_ksiazek( id_ksiazki, id_gatunku ) VALUES ( '8686342526', 15 ); 
INSERT INTO ksiegarnia_internetowa.gatunki_ksiazek( id_ksiazki, id_gatunku ) VALUES ( '3682171021', 100 ); 
INSERT INTO ksiegarnia_internetowa.gatunki_ksiazek( id_ksiazki, id_gatunku ) VALUES ( '3682171021', 87 ); 
INSERT INTO ksiegarnia_internetowa.gatunki_ksiazek( id_ksiazki, id_gatunku ) VALUES ( '8833646426', 26 ); 
INSERT INTO ksiegarnia_internetowa.gatunki_ksiazek( id_ksiazki, id_gatunku ) VALUES ( '3682171021', 36 ); 
INSERT INTO ksiegarnia_internetowa.gatunki_ksiazek( id_ksiazki, id_gatunku ) VALUES ( '8833646426', 4 ); 
INSERT INTO ksiegarnia_internetowa.gatunki_ksiazek( id_ksiazki, id_gatunku ) VALUES ( '8686342526', 28 ); 
INSERT INTO ksiegarnia_internetowa.gatunki_ksiazek( id_ksiazki, id_gatunku ) VALUES ( '3682171021', 26 ); 
INSERT INTO ksiegarnia_internetowa.gatunki_ksiazek( id_ksiazki, id_gatunku ) VALUES ( '8686342526', 33 ); 
INSERT INTO ksiegarnia_internetowa.gatunki_ksiazek( id_ksiazki, id_gatunku ) VALUES ( '8833646426', 11 ); 
INSERT INTO ksiegarnia_internetowa.gatunki_ksiazek( id_ksiazki, id_gatunku ) VALUES ( '3682171021', 18 ); 
INSERT INTO ksiegarnia_internetowa.gatunki_ksiazek( id_ksiazki, id_gatunku ) VALUES ( '8686342526', 95 ); 
INSERT INTO ksiegarnia_internetowa.gatunki_ksiazek( id_ksiazki, id_gatunku ) VALUES ( '8686342526', 44 ); 
INSERT INTO ksiegarnia_internetowa.gatunki_ksiazek( id_ksiazki, id_gatunku ) VALUES ( '8686342526', 67 ); 
INSERT INTO ksiegarnia_internetowa.gatunki_ksiazek( id_ksiazki, id_gatunku ) VALUES ( '8833646426', 14 ); 
INSERT INTO ksiegarnia_internetowa.gatunki_ksiazek( id_ksiazki, id_gatunku ) VALUES ( '8686342526', 100 ); 
INSERT INTO ksiegarnia_internetowa.gatunki_ksiazek( id_ksiazki, id_gatunku ) VALUES ( '8833646426', 19 ); 
INSERT INTO ksiegarnia_internetowa.gatunki_ksiazek( id_ksiazki, id_gatunku ) VALUES ( '8833646426', 27 ); 
INSERT INTO ksiegarnia_internetowa.gatunki_ksiazek( id_ksiazki, id_gatunku ) VALUES ( '8686342526', 38 ); 
INSERT INTO ksiegarnia_internetowa.gatunki_ksiazek( id_ksiazki, id_gatunku ) VALUES ( '8833646426', 53 ); 
INSERT INTO ksiegarnia_internetowa.gatunki_ksiazek( id_ksiazki, id_gatunku ) VALUES ( '3682171021', 5 ); 
INSERT INTO ksiegarnia_internetowa.gatunki_ksiazek( id_ksiazki, id_gatunku ) VALUES ( '8833646426', 18 ); 
INSERT INTO ksiegarnia_internetowa.gatunki_ksiazek( id_ksiazki, id_gatunku ) VALUES ( '8833646426', 32 ); 
INSERT INTO ksiegarnia_internetowa.gatunki_ksiazek( id_ksiazki, id_gatunku ) VALUES ( '3682171021', 129 ); 
INSERT INTO ksiegarnia_internetowa.gatunki_ksiazek( id_ksiazki, id_gatunku ) VALUES ( '8833646426', 17 ); 
INSERT INTO ksiegarnia_internetowa.gatunki_ksiazek( id_ksiazki, id_gatunku ) VALUES ( '8833646426', 25 ); 
INSERT INTO ksiegarnia_internetowa.gatunki_ksiazek( id_ksiazki, id_gatunku ) VALUES ( '3682171021', 227 ); 
INSERT INTO ksiegarnia_internetowa.gatunki_ksiazek( id_ksiazki, id_gatunku ) VALUES ( '8833646426', 1 ); 

INSERT INTO ksiegarnia_internetowa.klienci( id, login, haslo, adres, email, nr_telefonu ) VALUES ( 2, 'Erick5', 1935844031, 22,'mkuw@-fnvzo.com','036-261-4538' ); 
INSERT INTO ksiegarnia_internetowa.klienci( id, login, haslo, adres, email, nr_telefonu ) VALUES ( 3, 'Janice11', 1066918394, 21,'jovo@k-v--p.com','474-567-1939' ); 
INSERT INTO ksiegarnia_internetowa.klienci( id, login, haslo, adres, email, nr_telefonu ) VALUES ( 5, 'Lawanda', 1840659868, 68,'ujth@--h-ic.org','056-374-6440' ); 
INSERT INTO ksiegarnia_internetowa.klienci( id, login, haslo, adres, email, nr_telefonu ) VALUES ( 8, 'Heath', 160618522, 9,'njia208@--u-yp.org','748-153-4170' ); 
INSERT INTO ksiegarnia_internetowa.klienci( id, login, haslo, adres, email, nr_telefonu ) VALUES ( 11, 'Rose', 65526659, 46,'bjsq@---h-x.com','547-545-7728' ); 
INSERT INTO ksiegarnia_internetowa.klienci( id, login, haslo, adres, email, nr_telefonu ) VALUES ( 16, 'Cameron8', 756749168, 48,'wdcw@une--b.com','135-133-1118' ); 
INSERT INTO ksiegarnia_internetowa.klienci( id, login, haslo, adres, email, nr_telefonu ) VALUES ( 18, 'Colby3', 1206768426, 28,'dgnj.kvvfg@wn--cm.net','745-417-8565' ); 
INSERT INTO ksiegarnia_internetowa.klienci( id, login, haslo, adres, email, nr_telefonu ) VALUES ( 21, 'Lillian1', 1250420388, 86,'vylm454@----w-.net','454-864-1616' ); 
INSERT INTO ksiegarnia_internetowa.klienci( id, login, haslo, adres, email, nr_telefonu ) VALUES ( 22, 'Dianna282', 1828030354, 51,'joud@------.org','476-676-3361' ); 
INSERT INTO ksiegarnia_internetowa.klienci( id, login, haslo, adres, email, nr_telefonu ) VALUES ( 28, 'Kathleen01', 1307592918, 76,'rgbm8@--u-rq.com','726-857-7487' ); 
INSERT INTO ksiegarnia_internetowa.klienci( id, login, haslo, adres, email, nr_telefonu ) VALUES ( 31, 'Andre73', 1479606320, 100,'kxnf7@d-t-i-.com','150-874-6531' ); 
INSERT INTO ksiegarnia_internetowa.klienci( id, login, haslo, adres, email, nr_telefonu ) VALUES ( 32, 'Joni875', 1712955679, 78,'mxlb@l---r-.com','502-274-5888' ); 
INSERT INTO ksiegarnia_internetowa.klienci( id, login, haslo, adres, email, nr_telefonu ) VALUES ( 34, 'Dwight', 231014531, 38,'upvv72@-x--s-.com','833-177-6388' ); 
INSERT INTO ksiegarnia_internetowa.klienci( id, login, haslo, adres, email, nr_telefonu ) VALUES ( 37, 'Kristen3', 573006457, 51,'gpfh5@g--dui.org','334-228-5318' ); 
INSERT INTO ksiegarnia_internetowa.klienci( id, login, haslo, adres, email, nr_telefonu ) VALUES ( 39, 'Carl367', 488052483, 85,'qejutw@---j-d.org','555-228-2975' ); 
INSERT INTO ksiegarnia_internetowa.klienci( id, login, haslo, adres, email, nr_telefonu ) VALUES ( 43, 'Jami', 124394731, 101,'gyym64@---zmq.net','754-565-3406' ); 
INSERT INTO ksiegarnia_internetowa.klienci( id, login, haslo, adres, email, nr_telefonu ) VALUES ( 44, 'Ruth', 988508620, 96,'mwdk25@----fb.org','568-418-2893' ); 
INSERT INTO ksiegarnia_internetowa.klienci( id, login, haslo, adres, email, nr_telefonu ) VALUES ( 46, 'Emma5', 543558809, 17,'mohokh368@xc--g-.com','032-144-5237' ); 
INSERT INTO ksiegarnia_internetowa.klienci( id, login, haslo, adres, email, nr_telefonu ) VALUES ( 50, 'Morgan', 1556039312, 66,'ufet.hiif@--k--d.com','292-374-8540' ); 
INSERT INTO ksiegarnia_internetowa.klienci( id, login, haslo, adres, email, nr_telefonu ) VALUES ( 51, 'Clifford7', 1899249900, 15,'otupo522@cx-a-g.com','063-441-5461' ); 
INSERT INTO ksiegarnia_internetowa.klienci( id, login, haslo, adres, email, nr_telefonu ) VALUES ( 52, 'Guadalupe3', 907479117, 31,'ufwfq@p-p-py.net','871-987-7665' ); 
INSERT INTO ksiegarnia_internetowa.klienci( id, login, haslo, adres, email, nr_telefonu ) VALUES ( 55, 'Byron7', 374391246, 85,'dquwq6@c---ei.org','148-284-8559' ); 
INSERT INTO ksiegarnia_internetowa.klienci( id, login, haslo, adres, email, nr_telefonu ) VALUES ( 58, 'Herman', 346277032, 24,'urby745@------.net','204-331-8634' ); 
INSERT INTO ksiegarnia_internetowa.klienci( id, login, haslo, adres, email, nr_telefonu ) VALUES ( 59, 'Clarissa831', 1361490460, 78,'dwph@-g----.com','899-881-6552' ); 
INSERT INTO ksiegarnia_internetowa.klienci( id, login, haslo, adres, email, nr_telefonu ) VALUES ( 62, 'Deana6', 1195502579, 43,'ipygx836@w----u.net','484-916-9028' ); 
INSERT INTO ksiegarnia_internetowa.klienci( id, login, haslo, adres, email, nr_telefonu ) VALUES ( 67, 'Kellie3', 989082393, 47,'lquv143@vq-l-k.org','822-754-6763' ); 
INSERT INTO ksiegarnia_internetowa.klienci( id, login, haslo, adres, email, nr_telefonu ) VALUES ( 70, 'Marc1', 707442196, 45,'ljhm@yar-zk.com','074-531-1824' ); 
INSERT INTO ksiegarnia_internetowa.klienci( id, login, haslo, adres, email, nr_telefonu ) VALUES ( 71, 'Dwayne5', 1420141612, 3,'rwoe@-j-n-j.com','013-812-3284' ); 
INSERT INTO ksiegarnia_internetowa.klienci( id, login, haslo, adres, email, nr_telefonu ) VALUES ( 74, 'Lauren0', 1141365695, 84,'ikdwz3@---r-p.com','612-546-6093' ); 
INSERT INTO ksiegarnia_internetowa.klienci( id, login, haslo, adres, email, nr_telefonu ) VALUES ( 77, 'Darla8', 773339441, 53,'coyy253@-xfxh-.com','751-468-2457' ); 
INSERT INTO ksiegarnia_internetowa.klienci( id, login, haslo, adres, email, nr_telefonu ) VALUES ( 82, 'Wallace3', 606581965, 20,'mhww@--pa--.org','209-430-5445' ); 
INSERT INTO ksiegarnia_internetowa.klienci( id, login, haslo, adres, email, nr_telefonu ) VALUES ( 84, 'Cari', 579416414, 42,'cyxd@-m-cgt.com','105-001-6817' ); 
INSERT INTO ksiegarnia_internetowa.klienci( id, login, haslo, adres, email, nr_telefonu ) VALUES ( 85, 'Regina2', 1390432218, 1,'gbgg@-a-zm-.com','821-648-3605' ); 
INSERT INTO ksiegarnia_internetowa.klienci( id, login, haslo, adres, email, nr_telefonu ) VALUES ( 87, 'Rudy8', 1142351084, 58,'gupm@lw--v-.org','224-722-5258' ); 
INSERT INTO ksiegarnia_internetowa.klienci( id, login, haslo, adres, email, nr_telefonu ) VALUES ( 88, 'Lewis35', 79084126, 7,'xqty@----x-.org','382-745-6168' ); 
INSERT INTO ksiegarnia_internetowa.klienci( id, login, haslo, adres, email, nr_telefonu ) VALUES ( 91, 'Dustin', 232960925, 5,'dfve.sncr@tjze.av-d-r.net','861-375-4288' ); 
INSERT INTO ksiegarnia_internetowa.klienci( id, login, haslo, adres, email, nr_telefonu ) VALUES ( 93, 'Kirsten567', 835121724, 40,'qvdl.tbdhhft@k-idp-.net','814-133-6720' ); 
INSERT INTO ksiegarnia_internetowa.klienci( id, login, haslo, adres, email, nr_telefonu ) VALUES ( 97, 'Kurt61', 1898227307, 80,'xsdm.bchcu@---fe-.com','838-576-5551' ); 
INSERT INTO ksiegarnia_internetowa.klienci( id, login, haslo, adres, email, nr_telefonu ) VALUES ( 101, 'Caroline', 1587444410, 16,'cxhuq@bh-xkq.org','296-288-8044' ); 
INSERT INTO ksiegarnia_internetowa.klienci( id, login, haslo, adres, email, nr_telefonu ) VALUES ( 107, 'Desiree', 1399883845, 60,'rkbe82@tl-vw-.org','716-278-6862' ); 
INSERT INTO ksiegarnia_internetowa.klienci( id, login, haslo, adres, email, nr_telefonu ) VALUES ( 112, 'Chanda0', 2060683647, 19,'nojn.cilf@r--eq-.com','938-226-6762' ); 
INSERT INTO ksiegarnia_internetowa.klienci( id, login, haslo, adres, email, nr_telefonu ) VALUES ( 113, 'Lakeisha', 1185610085, 84,'hikv7@-tee--.org','914-388-1713' ); 
INSERT INTO ksiegarnia_internetowa.klienci( id, login, haslo, adres, email, nr_telefonu ) VALUES ( 116, 'Marty', 2098745342, 42,'ecfll.xxfofum@x---l-.net','859-764-1016' ); 
INSERT INTO ksiegarnia_internetowa.klienci( id, login, haslo, adres, email, nr_telefonu ) VALUES ( 127, 'Denise782', 1731142010, 52,'pmvs@p-id--.net','214-585-8278' ); 
INSERT INTO ksiegarnia_internetowa.klienci( id, login, haslo, adres, email, nr_telefonu ) VALUES ( 131, 'Mandi', 840977550, 13,'foul@-cp--a.com','865-385-5913' ); 
INSERT INTO ksiegarnia_internetowa.klienci( id, login, haslo, adres, email, nr_telefonu ) VALUES ( 133, 'Alexander8', 1766663780, 96,'mcgf411@--xc--.net','063-282-3345' ); 
INSERT INTO ksiegarnia_internetowa.klienci( id, login, haslo, adres, email, nr_telefonu ) VALUES ( 136, 'Betsy', 443258662, 78,'bhfn@eec---.com','508-364-4574' ); 
INSERT INTO ksiegarnia_internetowa.klienci( id, login, haslo, adres, email, nr_telefonu ) VALUES ( 137, 'Jorge', 694451993, 12,'ngico@d--sci.com','320-222-8140' ); 
INSERT INTO ksiegarnia_internetowa.klienci( id, login, haslo, adres, email, nr_telefonu ) VALUES ( 138, 'Casey4', 464229604, 61,'erfd6@h-ny-j.com','865-730-8736' ); 
INSERT INTO ksiegarnia_internetowa.klienci( id, login, haslo, adres, email, nr_telefonu ) VALUES ( 141, 'Valerie284', 670852772, 37,'cqep.zvck@--s---.net','531-927-7873' ); 
INSERT INTO ksiegarnia_internetowa.klienci( id, login, haslo, adres, email, nr_telefonu ) VALUES ( 145, 'Noel', 259129082, 36,'vlsx@-----h.net','574-610-2827' ); 
INSERT INTO ksiegarnia_internetowa.klienci( id, login, haslo, adres, email, nr_telefonu ) VALUES ( 148, 'Bennie', 34552589, 91,'yimiv4@s--d-v.com','489-810-0281' ); 
INSERT INTO ksiegarnia_internetowa.klienci( id, login, haslo, adres, email, nr_telefonu ) VALUES ( 149, 'Mario7', 1204791860, 75,'nyim@h-l-sj.com','861-793-5442' ); 
INSERT INTO ksiegarnia_internetowa.klienci( id, login, haslo, adres, email, nr_telefonu ) VALUES ( 150, 'Rusty', 1599121995, 42,'jwev.slbx@-----x.com','815-573-5277' ); 
INSERT INTO ksiegarnia_internetowa.klienci( id, login, haslo, adres, email, nr_telefonu ) VALUES ( 151, 'Kristy5', 535164266, 70,'jvwi.hqqppj@n-z-y-.net','741-710-0343' ); 
INSERT INTO ksiegarnia_internetowa.klienci( id, login, haslo, adres, email, nr_telefonu ) VALUES ( 160, 'Christie239', 170996457, 19,'buia@-ek--c.com','374-713-6718' ); 
INSERT INTO ksiegarnia_internetowa.klienci( id, login, haslo, adres, email, nr_telefonu ) VALUES ( 162, 'Andre1', 735565543, 36,'rllq@--mwl-.com','236-841-1743' ); 
INSERT INTO ksiegarnia_internetowa.klienci( id, login, haslo, adres, email, nr_telefonu ) VALUES ( 165, 'Priscilla2', 228781186, 96,'shvd@--w--b.net','887-276-7191' ); 
INSERT INTO ksiegarnia_internetowa.klienci( id, login, haslo, adres, email, nr_telefonu ) VALUES ( 169, 'Constance4', 55535750, 57,'fraqt5@yujl-o.net','066-749-2350' ); 
INSERT INTO ksiegarnia_internetowa.klienci( id, login, haslo, adres, email, nr_telefonu ) VALUES ( 171, 'Barry', 999309984, 7,'wgqo@-k--r-.com','656-655-5015' ); 
INSERT INTO ksiegarnia_internetowa.klienci( id, login, haslo, adres, email, nr_telefonu ) VALUES ( 172, 'Dewayne', 1608786075, 53,'tums@y-r--k.net','232-246-8422' ); 
INSERT INTO ksiegarnia_internetowa.klienci( id, login, haslo, adres, email, nr_telefonu ) VALUES ( 173, 'Kurt', 1998045988, 31,'popg.ucdh@-gvac-.net','581-842-1135' ); 
INSERT INTO ksiegarnia_internetowa.klienci( id, login, haslo, adres, email, nr_telefonu ) VALUES ( 174, 'Vicki', 336120165, 101,'tjnomju5@-u----.org','925-782-5474' ); 
INSERT INTO ksiegarnia_internetowa.klienci( id, login, haslo, adres, email, nr_telefonu ) VALUES ( 175, 'Arnold', 850552579, 51,'xqjr541@a-y-o-.net','728-061-9231' ); 
INSERT INTO ksiegarnia_internetowa.klienci( id, login, haslo, adres, email, nr_telefonu ) VALUES ( 178, 'Carmen', 1063826596, 77,'vtwa862@--oq-f.com','907-627-1179' ); 
INSERT INTO ksiegarnia_internetowa.klienci( id, login, haslo, adres, email, nr_telefonu ) VALUES ( 181, 'Oscar', 827677727, 101,'lzxf475@-m--wa.com','365-314-2442' ); 
INSERT INTO ksiegarnia_internetowa.klienci( id, login, haslo, adres, email, nr_telefonu ) VALUES ( 183, 'Kate86', 898383598, 97,'bofc7@-wz-vw.com','183-438-7982' ); 
INSERT INTO ksiegarnia_internetowa.klienci( id, login, haslo, adres, email, nr_telefonu ) VALUES ( 184, 'Rosa7', 2042799847, 14,'vystj@y-ju-t.net','528-137-2724' ); 
INSERT INTO ksiegarnia_internetowa.klienci( id, login, haslo, adres, email, nr_telefonu ) VALUES ( 187, 'Damion', 1717254218, 16,'dbpw@z-b--a.com','118-595-8474' ); 
INSERT INTO ksiegarnia_internetowa.klienci( id, login, haslo, adres, email, nr_telefonu ) VALUES ( 188, 'Martin426', 806372787, 1,'uzir.txse@-ave--.org','845-418-8276' ); 
INSERT INTO ksiegarnia_internetowa.klienci( id, login, haslo, adres, email, nr_telefonu ) VALUES ( 189, 'Phillip', 572982908, 46,'qqmw@-b---o.org','174-735-2065' ); 
INSERT INTO ksiegarnia_internetowa.klienci( id, login, haslo, adres, email, nr_telefonu ) VALUES ( 190, 'Stephan2', 2114387740, 70,'ttkl@-i--d-.org','777-141-6695' ); 
INSERT INTO ksiegarnia_internetowa.klienci( id, login, haslo, adres, email, nr_telefonu ) VALUES ( 192, 'Rick8', 1390124329, 54,'qpnj@-o---w.com','578-331-4345' ); 
INSERT INTO ksiegarnia_internetowa.klienci( id, login, haslo, adres, email, nr_telefonu ) VALUES ( 194, 'Christy7', 1220746746, 58,'ebdqe@rk--p-.org','925-470-8344' ); 
INSERT INTO ksiegarnia_internetowa.klienci( id, login, haslo, adres, email, nr_telefonu ) VALUES ( 197, 'Dante5', 159578476, 79,'qyvr@y--s--.com','344-348-2933' ); 
INSERT INTO ksiegarnia_internetowa.klienci( id, login, haslo, adres, email, nr_telefonu ) VALUES ( 202, 'Alex43', 2126546497, 21,'ebes8@-fico-.org','852-422-7461' ); 
INSERT INTO ksiegarnia_internetowa.klienci( id, login, haslo, adres, email, nr_telefonu ) VALUES ( 204, 'Harvey', 685476772, 2,'ytzw.hxatg@-o---w.com','731-755-2018' ); 
INSERT INTO ksiegarnia_internetowa.klienci( id, login, haslo, adres, email, nr_telefonu ) VALUES ( 206, 'Chastity', 1056706191, 79,'rtku@to-t-r.com','074-295-7385' ); 
INSERT INTO ksiegarnia_internetowa.klienci( id, login, haslo, adres, email, nr_telefonu ) VALUES ( 207, 'Kristin174', 1735198383, 1,'tprh5@z-k-a-.com','638-366-9901' ); 
INSERT INTO ksiegarnia_internetowa.klienci( id, login, haslo, adres, email, nr_telefonu ) VALUES ( 211, 'Willie807', 570921287, 61,'rcgc314@-ho-e-.com','211-971-5045' ); 
INSERT INTO ksiegarnia_internetowa.klienci( id, login, haslo, adres, email, nr_telefonu ) VALUES ( 214, 'Grant8', 2041179793, 93,'wohc.htbiv@m---ih.org','332-645-5326' ); 
INSERT INTO ksiegarnia_internetowa.klienci( id, login, haslo, adres, email, nr_telefonu ) VALUES ( 215, 'Staci', 1869074811, 45,'gwpe5@w----q.org','143-418-9357' ); 
INSERT INTO ksiegarnia_internetowa.klienci( id, login, haslo, adres, email, nr_telefonu ) VALUES ( 230, 'Gloria', 612141491, 94,'bqul1@inoie-.net','827-083-6380' ); 
INSERT INTO ksiegarnia_internetowa.klienci( id, login, haslo, adres, email, nr_telefonu ) VALUES ( 231, 'Lana', 642706983, 55,'kpuh7@s-x--d.net','456-665-6766' ); 
INSERT INTO ksiegarnia_internetowa.klienci( id, login, haslo, adres, email, nr_telefonu ) VALUES ( 232, 'Nathaniel62', 1449538097, 4,'xmcv6@o-ej-l.com','816-863-7841' ); 
INSERT INTO ksiegarnia_internetowa.klienci( id, login, haslo, adres, email, nr_telefonu ) VALUES ( 236, 'Ira', 655546366, 64,'ggio@--qm-m.org','361-529-5969' ); 
INSERT INTO ksiegarnia_internetowa.klienci( id, login, haslo, adres, email, nr_telefonu ) VALUES ( 248, 'Leslie689', 1738666508, 58,'ayix737@----di.com','464-421-3745' ); 
INSERT INTO ksiegarnia_internetowa.klienci( id, login, haslo, adres, email, nr_telefonu ) VALUES ( 249, 'Omar', 528338226, 62,'sjyh@--l-ck.net','180-372-4573' ); 
INSERT INTO ksiegarnia_internetowa.klienci( id, login, haslo, adres, email, nr_telefonu ) VALUES ( 252, 'Rita', 1096593949, 8,'cpil@---k-p.net','777-938-8451' ); 
INSERT INTO ksiegarnia_internetowa.klienci( id, login, haslo, adres, email, nr_telefonu ) VALUES ( 253, 'Kristina75', 268275560, 72,'vvhn@-ubh--.com','361-939-2362' ); 
INSERT INTO ksiegarnia_internetowa.klienci( id, login, haslo, adres, email, nr_telefonu ) VALUES ( 262, 'Ira', 1372547971, 3,'gsxy@ag-y--.net','127-392-6027' ); 
INSERT INTO ksiegarnia_internetowa.klienci( id, login, haslo, adres, email, nr_telefonu ) VALUES ( 265, 'Ethan', 1227831307, 91,'cshn@-gpbtn.com','402-026-2563' ); 
INSERT INTO ksiegarnia_internetowa.klienci( id, login, haslo, adres, email, nr_telefonu ) VALUES ( 269, 'Perry', 1642053975, 28,'espkok5@pb---m.com','515-737-1671' ); 
INSERT INTO ksiegarnia_internetowa.klienci( id, login, haslo, adres, email, nr_telefonu ) VALUES ( 272, 'Gregg753', 403710445, 47,'wjotd627@k-a-fe.net','388-678-7695' ); 
INSERT INTO ksiegarnia_internetowa.klienci( id, login, haslo, adres, email, nr_telefonu ) VALUES ( 273, 'Jamie', 1131115418, 101,'pyye48@b---h-.com','423-387-8531' ); 
INSERT INTO ksiegarnia_internetowa.klienci( id, login, haslo, adres, email, nr_telefonu ) VALUES ( 277, 'Rolando', 583448320, 80,'ukok3@-pvkpg.net','705-546-9018' ); 
INSERT INTO ksiegarnia_internetowa.klienci( id, login, haslo, adres, email, nr_telefonu ) VALUES ( 279, 'Kathleen', 84142603, 80,'soxiuh5@h-l-mm.net','683-983-6167' ); 
INSERT INTO ksiegarnia_internetowa.klienci( id, login, haslo, adres, email, nr_telefonu ) VALUES ( 280, 'Rex', 1379607444, 9,'ejpoqk@mz-jb-.com','085-372-0052' ); 
INSERT INTO ksiegarnia_internetowa.klienci( id, login, haslo, adres, email, nr_telefonu ) VALUES ( 281, 'Bridgett', 1375923378, 75,'ssox@j---rk.com','101-788-8554' ); 
INSERT INTO ksiegarnia_internetowa.klienci( id, login, haslo, adres, email, nr_telefonu ) VALUES ( 286, 'Harold', 356540082, 89,'gvhe@l---vq.net','643-734-8942' ); 

INSERT INTO ksiegarnia_internetowa.zamowienia( id_zamowienia, id_klienta, data, id_ksiazki, ilosc, adres_dostawy, id_formatu ) VALUES ( 17, 188, '2017-06-27','8686342526', 32, 89, 39 ); 
INSERT INTO ksiegarnia_internetowa.zamowienia( id_zamowienia, id_klienta, data, id_ksiazki, ilosc, adres_dostawy, id_formatu ) VALUES ( 22, 230, '2016-03-22','3727722433', 75, 7, 22 ); 
INSERT INTO ksiegarnia_internetowa.zamowienia( id_zamowienia, id_klienta, data, id_ksiazki, ilosc, adres_dostawy, id_formatu ) VALUES ( 27, 137, '2016-02-11','1922173031', 34, 30, 80 ); 
INSERT INTO ksiegarnia_internetowa.zamowienia( id_zamowienia, id_klienta, data, id_ksiazki, ilosc, adres_dostawy, id_formatu ) VALUES ( 29, 165, '2016-10-25','1943315230', 90, 35, 3 ); 
INSERT INTO ksiegarnia_internetowa.zamowienia( id_zamowienia, id_klienta, data, id_ksiazki, ilosc, adres_dostawy, id_formatu ) VALUES ( 38, 70, '2017-08-05','2548623757', 93, 84, 26 ); 
INSERT INTO ksiegarnia_internetowa.zamowienia( id_zamowienia, id_klienta, data, id_ksiazki, ilosc, adres_dostawy, id_formatu ) VALUES ( 46, 187, '2016-06-23','1618507727', 5, 86, 83 ); 
INSERT INTO ksiegarnia_internetowa.zamowienia( id_zamowienia, id_klienta, data, id_ksiazki, ilosc, adres_dostawy, id_formatu ) VALUES ( 95, 28, '2017-07-18','5958887045', 67, 87, 53 ); 
INSERT INTO ksiegarnia_internetowa.zamowienia( id_zamowienia, id_klienta, data, id_ksiazki, ilosc, adres_dostawy, id_formatu ) VALUES ( 126, 189, '2017-09-29','6272515348', 71, 6, 2 ); 
INSERT INTO ksiegarnia_internetowa.zamowienia( id_zamowienia, id_klienta, data, id_ksiazki, ilosc, adres_dostawy, id_formatu ) VALUES ( 144, 184, '2016-12-15','8012109871', 3, 50, 20 ); 
INSERT INTO ksiegarnia_internetowa.zamowienia( id_zamowienia, id_klienta, data, id_ksiazki, ilosc, adres_dostawy, id_formatu ) VALUES ( 145, 31, '2017-05-30','8271916723', 10, 9, 19 ); 
INSERT INTO ksiegarnia_internetowa.zamowienia( id_zamowienia, id_klienta, data, id_ksiazki, ilosc, adres_dostawy, id_formatu ) VALUES ( 160, 8, '2016-09-28','4125682636', 98, 97, 2 ); 
INSERT INTO ksiegarnia_internetowa.zamowienia( id_zamowienia, id_klienta, data, id_ksiazki, ilosc, adres_dostawy, id_formatu ) VALUES ( 170, 136, '2017-09-09','7766281412', 95, 45, 178 ); 
INSERT INTO ksiegarnia_internetowa.zamowienia( id_zamowienia, id_klienta, data, id_ksiazki, ilosc, adres_dostawy, id_formatu ) VALUES ( 177, 82, '2017-03-27','8388654122', 42, 80, 122 ); 
INSERT INTO ksiegarnia_internetowa.zamowienia( id_zamowienia, id_klienta, data, id_ksiazki, ilosc, adres_dostawy, id_formatu ) VALUES ( 183, 37, '2017-03-03','2415828216', 84, 75, 6 ); 
INSERT INTO ksiegarnia_internetowa.zamowienia( id_zamowienia, id_klienta, data, id_ksiazki, ilosc, adres_dostawy, id_formatu ) VALUES ( 190, 206, '2016-08-21','2864655916', 46, 71, 178 ); 
INSERT INTO ksiegarnia_internetowa.zamowienia( id_zamowienia, id_klienta, data, id_ksiazki, ilosc, adres_dostawy, id_formatu ) VALUES ( 194, 127, '2016-10-14','3483245128', 32, 95, 12 ); 
INSERT INTO ksiegarnia_internetowa.zamowienia( id_zamowienia, id_klienta, data, id_ksiazki, ilosc, adres_dostawy, id_formatu ) VALUES ( 211, 21, '2017-10-24','2723947168', 88, 82, 1 ); 
INSERT INTO ksiegarnia_internetowa.zamowienia( id_zamowienia, id_klienta, data, id_ksiazki, ilosc, adres_dostawy, id_formatu ) VALUES ( 212, 174, '2017-08-08','3483245128', 14, 66, 22 ); 
INSERT INTO ksiegarnia_internetowa.zamowienia( id_zamowienia, id_klienta, data, id_ksiazki, ilosc, adres_dostawy, id_formatu ) VALUES ( 255, 277, '2016-11-07','3747674218', 36, 50, 18 ); 
INSERT INTO ksiegarnia_internetowa.zamowienia( id_zamowienia, id_klienta, data, id_ksiazki, ilosc, adres_dostawy, id_formatu ) VALUES ( 281, 131, '2016-08-16','3522977451', 28, 89, 12 ); 
INSERT INTO ksiegarnia_internetowa.zamowienia( id_zamowienia, id_klienta, data, id_ksiazki, ilosc, adres_dostawy, id_formatu ) VALUES ( 285, 16, '2016-10-25','3522977451', 70, 93, 50 ); 
INSERT INTO ksiegarnia_internetowa.zamowienia( id_zamowienia, id_klienta, data, id_ksiazki, ilosc, adres_dostawy, id_formatu ) VALUES ( 299, 52, '2017-06-28','5155752624', 0, 95, 22 ); 
INSERT INTO ksiegarnia_internetowa.zamowienia( id_zamowienia, id_klienta, data, id_ksiazki, ilosc, adres_dostawy, id_formatu ) VALUES ( 301, 11, '2016-07-01','7236138477', 79, 5, 53 ); 
INSERT INTO ksiegarnia_internetowa.zamowienia( id_zamowienia, id_klienta, data, id_ksiazki, ilosc, adres_dostawy, id_formatu ) VALUES ( 314, 31, '2017-07-17','6393470482', 0, 98, 13 ); 
INSERT INTO ksiegarnia_internetowa.zamowienia( id_zamowienia, id_klienta, data, id_ksiazki, ilosc, adres_dostawy, id_formatu ) VALUES ( 322, 37, '2017-06-19','1438932151', 86, 78, 7 ); 
INSERT INTO ksiegarnia_internetowa.zamowienia( id_zamowienia, id_klienta, data, id_ksiazki, ilosc, adres_dostawy, id_formatu ) VALUES ( 324, 148, '2016-06-29','8444612204', 33, 94, 22 ); 
INSERT INTO ksiegarnia_internetowa.zamowienia( id_zamowienia, id_klienta, data, id_ksiazki, ilosc, adres_dostawy, id_formatu ) VALUES ( 330, 136, '2016-02-29','2845929541', 90, 72, 53 ); 
INSERT INTO ksiegarnia_internetowa.zamowienia( id_zamowienia, id_klienta, data, id_ksiazki, ilosc, adres_dostawy, id_formatu ) VALUES ( 341, 175, '2016-12-06','2618688327', 39, 100, 38 ); 
INSERT INTO ksiegarnia_internetowa.zamowienia( id_zamowienia, id_klienta, data, id_ksiazki, ilosc, adres_dostawy, id_formatu ) VALUES ( 383, 18, '2017-04-18','2151253505', 14, 17, 17 ); 
INSERT INTO ksiegarnia_internetowa.zamowienia( id_zamowienia, id_klienta, data, id_ksiazki, ilosc, adres_dostawy, id_formatu ) VALUES ( 386, 151, '2016-05-20','6675611845', 76, 52, 50 ); 
INSERT INTO ksiegarnia_internetowa.zamowienia( id_zamowienia, id_klienta, data, id_ksiazki, ilosc, adres_dostawy, id_formatu ) VALUES ( 387, 206, '2017-02-19','1615167205', 80, 16, 14 ); 
INSERT INTO ksiegarnia_internetowa.zamowienia( id_zamowienia, id_klienta, data, id_ksiazki, ilosc, adres_dostawy, id_formatu ) VALUES ( 393, 74, '2016-02-24','8271916723', 84, 70, 22 ); 
INSERT INTO ksiegarnia_internetowa.zamowienia( id_zamowienia, id_klienta, data, id_ksiazki, ilosc, adres_dostawy, id_formatu ) VALUES ( 394, 112, '2016-10-14','6442833247', 84, 66, 38 ); 
INSERT INTO ksiegarnia_internetowa.zamowienia( id_zamowienia, id_klienta, data, id_ksiazki, ilosc, adres_dostawy, id_formatu ) VALUES ( 398, 277, '2016-03-01','4573398681', 38, 53, 20 ); 
INSERT INTO ksiegarnia_internetowa.zamowienia( id_zamowienia, id_klienta, data, id_ksiazki, ilosc, adres_dostawy, id_formatu ) VALUES ( 407, 2, '2016-08-21','3174556562', 46, 62, 29 ); 
INSERT INTO ksiegarnia_internetowa.zamowienia( id_zamowienia, id_klienta, data, id_ksiazki, ilosc, adres_dostawy, id_formatu ) VALUES ( 426, 148, '2016-07-21','2621529756', 57, 26, 37 ); 
INSERT INTO ksiegarnia_internetowa.zamowienia( id_zamowienia, id_klienta, data, id_ksiazki, ilosc, adres_dostawy, id_formatu ) VALUES ( 433, 46, '2016-07-07','2061146161', 79, 68, 7 ); 
INSERT INTO ksiegarnia_internetowa.zamowienia( id_zamowienia, id_klienta, data, id_ksiazki, ilosc, adres_dostawy, id_formatu ) VALUES ( 465, 50, '2016-03-23','1309416513', 52, 64, 53 ); 
INSERT INTO ksiegarnia_internetowa.zamowienia( id_zamowienia, id_klienta, data, id_ksiazki, ilosc, adres_dostawy, id_formatu ) VALUES ( 473, 18, '2016-05-24','2868647371', 32, 41, 27 ); 
INSERT INTO ksiegarnia_internetowa.zamowienia( id_zamowienia, id_klienta, data, id_ksiazki, ilosc, adres_dostawy, id_formatu ) VALUES ( 545, 202, '2017-01-20','3755465478', 70, 4, 7 ); 
INSERT INTO ksiegarnia_internetowa.zamowienia( id_zamowienia, id_klienta, data, id_ksiazki, ilosc, adres_dostawy, id_formatu ) VALUES ( 568, 16, '2017-09-03','9234819316', 91, 88, 2 ); 
INSERT INTO ksiegarnia_internetowa.zamowienia( id_zamowienia, id_klienta, data, id_ksiazki, ilosc, adres_dostawy, id_formatu ) VALUES ( 570, 77, '2016-08-07','2424056778', 61, 39, 9 ); 
INSERT INTO ksiegarnia_internetowa.zamowienia( id_zamowienia, id_klienta, data, id_ksiazki, ilosc, adres_dostawy, id_formatu ) VALUES ( 599, 175, '2017-04-28','1444137276', 89, 31, 7 ); 
INSERT INTO ksiegarnia_internetowa.zamowienia( id_zamowienia, id_klienta, data, id_ksiazki, ilosc, adres_dostawy, id_formatu ) VALUES ( 612, 181, '2016-07-27','7666678083', 63, 97, 178 ); 
INSERT INTO ksiegarnia_internetowa.zamowienia( id_zamowienia, id_klienta, data, id_ksiazki, ilosc, adres_dostawy, id_formatu ) VALUES ( 616, 84, '2016-11-18','0523633769', 47, 19, 3 ); 
INSERT INTO ksiegarnia_internetowa.zamowienia( id_zamowienia, id_klienta, data, id_ksiazki, ilosc, adres_dostawy, id_formatu ) VALUES ( 646, 272, '2016-08-19','6536417767', 45, 63, 22 ); 
INSERT INTO ksiegarnia_internetowa.zamowienia( id_zamowienia, id_klienta, data, id_ksiazki, ilosc, adres_dostawy, id_formatu ) VALUES ( 660, 189, '2017-11-21','2868647371', 15, 65, 29 ); 
INSERT INTO ksiegarnia_internetowa.zamowienia( id_zamowienia, id_klienta, data, id_ksiazki, ilosc, adres_dostawy, id_formatu ) VALUES ( 694, 183, '2017-04-29','2211724122', 34, 92, 38 ); 
INSERT INTO ksiegarnia_internetowa.zamowienia( id_zamowienia, id_klienta, data, id_ksiazki, ilosc, adres_dostawy, id_formatu ) VALUES ( 703, 137, '2017-03-05','2424056778', 5, 58, 1 ); 
INSERT INTO ksiegarnia_internetowa.zamowienia( id_zamowienia, id_klienta, data, id_ksiazki, ilosc, adres_dostawy, id_formatu ) VALUES ( 735, 178, '2017-03-14','7666678083', 17, 70, 26 ); 
INSERT INTO ksiegarnia_internetowa.zamowienia( id_zamowienia, id_klienta, data, id_ksiazki, ilosc, adres_dostawy, id_formatu ) VALUES ( 781, 2, '2016-08-06','1215094748', 13, 18, 9 ); 
INSERT INTO ksiegarnia_internetowa.zamowienia( id_zamowienia, id_klienta, data, id_ksiazki, ilosc, adres_dostawy, id_formatu ) VALUES ( 787, 207, '2017-11-19','4573398681', 54, 49, 122 ); 
INSERT INTO ksiegarnia_internetowa.zamowienia( id_zamowienia, id_klienta, data, id_ksiazki, ilosc, adres_dostawy, id_formatu ) VALUES ( 801, 137, '2016-11-17','7306532738', 16, 73, 7 ); 
INSERT INTO ksiegarnia_internetowa.zamowienia( id_zamowienia, id_klienta, data, id_ksiazki, ilosc, adres_dostawy, id_formatu ) VALUES ( 802, 192, '2016-12-15','4573398681', 81, 20, 9 ); 
INSERT INTO ksiegarnia_internetowa.zamowienia( id_zamowienia, id_klienta, data, id_ksiazki, ilosc, adres_dostawy, id_formatu ) VALUES ( 812, 101, '2016-07-21','7094445316', 49, 20, 12 ); 
INSERT INTO ksiegarnia_internetowa.zamowienia( id_zamowienia, id_klienta, data, id_ksiazki, ilosc, adres_dostawy, id_formatu ) VALUES ( 819, 127, '2016-02-09','2606176244', 47, 15, 22 ); 
INSERT INTO ksiegarnia_internetowa.zamowienia( id_zamowienia, id_klienta, data, id_ksiazki, ilosc, adres_dostawy, id_formatu ) VALUES ( 836, 70, '2016-07-28','1309416513', 82, 68, 19 ); 
INSERT INTO ksiegarnia_internetowa.zamowienia( id_zamowienia, id_klienta, data, id_ksiazki, ilosc, adres_dostawy, id_formatu ) VALUES ( 843, 150, '2017-08-15','2534658024', 3, 53, 5 ); 
INSERT INTO ksiegarnia_internetowa.zamowienia( id_zamowienia, id_klienta, data, id_ksiazki, ilosc, adres_dostawy, id_formatu ) VALUES ( 868, 37, '2016-09-28','5155752624', 79, 68, 3 ); 
INSERT INTO ksiegarnia_internetowa.zamowienia( id_zamowienia, id_klienta, data, id_ksiazki, ilosc, adres_dostawy, id_formatu ) VALUES ( 893, 214, '2016-03-22','6505377020', 13, 60, 39 ); 
INSERT INTO ksiegarnia_internetowa.zamowienia( id_zamowienia, id_klienta, data, id_ksiazki, ilosc, adres_dostawy, id_formatu ) VALUES ( 901, 174, '2016-09-11','2618688327', 62, 29, 51 ); 
INSERT INTO ksiegarnia_internetowa.zamowienia( id_zamowienia, id_klienta, data, id_ksiazki, ilosc, adres_dostawy, id_formatu ) VALUES ( 908, 2, '2017-11-26','3317254575', 98, 64, 122 ); 
INSERT INTO ksiegarnia_internetowa.zamowienia( id_zamowienia, id_klienta, data, id_ksiazki, ilosc, adres_dostawy, id_formatu ) VALUES ( 913, 131, '2017-06-05','8444612204', 30, 93, 14 ); 
INSERT INTO ksiegarnia_internetowa.zamowienia( id_zamowienia, id_klienta, data, id_ksiazki, ilosc, adres_dostawy, id_formatu ) VALUES ( 933, 127, '2016-03-07','8388654122', 58, 30, 29 ); 
INSERT INTO ksiegarnia_internetowa.zamowienia( id_zamowienia, id_klienta, data, id_ksiazki, ilosc, adres_dostawy, id_formatu ) VALUES ( 941, 11, '2016-06-19','2621529756', 15, 19, 14 ); 
INSERT INTO ksiegarnia_internetowa.zamowienia( id_zamowienia, id_klienta, data, id_ksiazki, ilosc, adres_dostawy, id_formatu ) VALUES ( 950, 262, '2017-07-09','4088983482', 78, 8, 38 ); 
INSERT INTO ksiegarnia_internetowa.zamowienia( id_zamowienia, id_klienta, data, id_ksiazki, ilosc, adres_dostawy, id_formatu ) VALUES ( 953, 204, '2017-09-04','3755465478', 93, 68, 83 ); 
INSERT INTO ksiegarnia_internetowa.zamowienia( id_zamowienia, id_klienta, data, id_ksiazki, ilosc, adres_dostawy, id_formatu ) VALUES ( 968, 46, '2017-03-01','5648618374', 28, 33, 37 ); 
INSERT INTO ksiegarnia_internetowa.zamowienia( id_zamowienia, id_klienta, data, id_ksiazki, ilosc, adres_dostawy, id_formatu ) VALUES ( 971, 183, '2017-03-22','4784361046', 0, 46, 17 ); 
INSERT INTO ksiegarnia_internetowa.zamowienia( id_zamowienia, id_klienta, data, id_ksiazki, ilosc, adres_dostawy, id_formatu ) VALUES ( 984, 231, '2016-02-28','2151253505', 74, 5, 22 ); 
INSERT INTO ksiegarnia_internetowa.zamowienia( id_zamowienia, id_klienta, data, id_ksiazki, ilosc, adres_dostawy, id_formatu ) VALUES ( 1038, 32, '2017-11-18','2548623757', 61, 78, 51 ); 
INSERT INTO ksiegarnia_internetowa.zamowienia( id_zamowienia, id_klienta, data, id_ksiazki, ilosc, adres_dostawy, id_formatu ) VALUES ( 1060, 138, '2016-05-13','8012109871', 64, 36, 37 ); 
INSERT INTO ksiegarnia_internetowa.zamowienia( id_zamowienia, id_klienta, data, id_ksiazki, ilosc, adres_dostawy, id_formatu ) VALUES ( 1083, 44, '2017-09-21','1215094748', 88, 79, 12 ); 
INSERT INTO ksiegarnia_internetowa.zamowienia( id_zamowienia, id_klienta, data, id_ksiazki, ilosc, adres_dostawy, id_formatu ) VALUES ( 1175, 101, '2016-06-07','2585304726', 32, 98, 1 ); 
INSERT INTO ksiegarnia_internetowa.zamowienia( id_zamowienia, id_klienta, data, id_ksiazki, ilosc, adres_dostawy, id_formatu ) VALUES ( 1185, 107, '2017-05-25','2868647371', 42, 10, 10 ); 
INSERT INTO ksiegarnia_internetowa.zamowienia( id_zamowienia, id_klienta, data, id_ksiazki, ilosc, adres_dostawy, id_formatu ) VALUES ( 1192, 230, '2016-03-04','1215094748', 22, 3, 112 ); 
INSERT INTO ksiegarnia_internetowa.zamowienia( id_zamowienia, id_klienta, data, id_ksiazki, ilosc, adres_dostawy, id_formatu ) VALUES ( 1207, 171, '2017-01-24','2868647371', 66, 36, 53 ); 
INSERT INTO ksiegarnia_internetowa.zamowienia( id_zamowienia, id_klienta, data, id_ksiazki, ilosc, adres_dostawy, id_formatu ) VALUES ( 1214, 37, '2017-08-19','2758712733', 5, 36, 80 ); 
INSERT INTO ksiegarnia_internetowa.zamowienia( id_zamowienia, id_klienta, data, id_ksiazki, ilosc, adres_dostawy, id_formatu ) VALUES ( 1215, 194, '2016-05-13','5648618374', 63, 63, 122 ); 
INSERT INTO ksiegarnia_internetowa.zamowienia( id_zamowienia, id_klienta, data, id_ksiazki, ilosc, adres_dostawy, id_formatu ) VALUES ( 1277, 151, '2016-07-22','2621529756', 30, 90, 22 ); 
INSERT INTO ksiegarnia_internetowa.zamowienia( id_zamowienia, id_klienta, data, id_ksiazki, ilosc, adres_dostawy, id_formatu ) VALUES ( 1292, 8, '2016-02-05','8125015944', 94, 58, 122 ); 
INSERT INTO ksiegarnia_internetowa.zamowienia( id_zamowienia, id_klienta, data, id_ksiazki, ilosc, adres_dostawy, id_formatu ) VALUES ( 1301, 249, '2016-08-07','5744744464', 88, 22, 38 ); 
INSERT INTO ksiegarnia_internetowa.zamowienia( id_zamowienia, id_klienta, data, id_ksiazki, ilosc, adres_dostawy, id_formatu ) VALUES ( 1325, 214, '2017-09-26','7221147221', 50, 42, 122 ); 
INSERT INTO ksiegarnia_internetowa.zamowienia( id_zamowienia, id_klienta, data, id_ksiazki, ilosc, adres_dostawy, id_formatu ) VALUES ( 1333, 138, '2017-07-08','6536417767', 86, 66, 51 ); 
INSERT INTO ksiegarnia_internetowa.zamowienia( id_zamowienia, id_klienta, data, id_ksiazki, ilosc, adres_dostawy, id_formatu ) VALUES ( 1356, 39, '2017-05-20','6675611845', 8, 40, 83 ); 
INSERT INTO ksiegarnia_internetowa.zamowienia( id_zamowienia, id_klienta, data, id_ksiazki, ilosc, adres_dostawy, id_formatu ) VALUES ( 1363, 112, '2017-02-02','6675611845', 44, 12, 14 ); 
INSERT INTO ksiegarnia_internetowa.zamowienia( id_zamowienia, id_klienta, data, id_ksiazki, ilosc, adres_dostawy, id_formatu ) VALUES ( 1366, 252, '2017-05-25','2585304726', 60, 17, 83 ); 
INSERT INTO ksiegarnia_internetowa.zamowienia( id_zamowienia, id_klienta, data, id_ksiazki, ilosc, adres_dostawy, id_formatu ) VALUES ( 1425, 169, '2017-07-24','8012109871', 68, 38, 53 ); 
INSERT INTO ksiegarnia_internetowa.zamowienia( id_zamowienia, id_klienta, data, id_ksiazki, ilosc, adres_dostawy, id_formatu ) VALUES ( 1430, 253, '2016-06-10','7383538447', 34, 50, 7 ); 
INSERT INTO ksiegarnia_internetowa.zamowienia( id_zamowienia, id_klienta, data, id_ksiazki, ilosc, adres_dostawy, id_formatu ) VALUES ( 1446, 160, '2017-05-20','7766281412', 94, 41, 4 ); 
INSERT INTO ksiegarnia_internetowa.zamowienia( id_zamowienia, id_klienta, data, id_ksiazki, ilosc, adres_dostawy, id_formatu ) VALUES ( 1457, 67, '2017-11-04','4524108284', 86, 75, 20 ); 
INSERT INTO ksiegarnia_internetowa.zamowienia( id_zamowienia, id_klienta, data, id_ksiazki, ilosc, adres_dostawy, id_formatu ) VALUES ( 1460, 50, '2017-10-16','1147047734', 94, 87, 18 ); 
INSERT INTO ksiegarnia_internetowa.zamowienia( id_zamowienia, id_klienta, data, id_ksiazki, ilosc, adres_dostawy, id_formatu ) VALUES ( 1470, 131, '2016-05-06','4524108284', 56, 27, 29 ); 
INSERT INTO ksiegarnia_internetowa.zamowienia( id_zamowienia, id_klienta, data, id_ksiazki, ilosc, adres_dostawy, id_formatu ) VALUES ( 1489, 59, '2016-12-06','3682171021', 23, 24, 39 ); 
INSERT INTO ksiegarnia_internetowa.zamowienia( id_zamowienia, id_klienta, data, id_ksiazki, ilosc, adres_dostawy, id_formatu ) VALUES ( 1494, 215, '2017-01-04','2211724122', 37, 91, 53 ); 
INSERT INTO ksiegarnia_internetowa.zamowienia( id_zamowienia, id_klienta, data, id_ksiazki, ilosc, adres_dostawy, id_formatu ) VALUES ( 1561, 16, '2017-10-02','4088983482', 24, 64, 83 ); 
INSERT INTO ksiegarnia_internetowa.zamowienia( id_zamowienia, id_klienta, data, id_ksiazki, ilosc, adres_dostawy, id_formatu ) VALUES ( 1565, 262, '2016-01-23','0398625886', 26, 38, 6 ); 
INSERT INTO ksiegarnia_internetowa.zamowienia( id_zamowienia, id_klienta, data, id_ksiazki, ilosc, adres_dostawy, id_formatu ) VALUES ( 1570, 141, '2016-12-27','6228446011', 25, 84, 14 ); 
INSERT INTO ksiegarnia_internetowa.zamowienia( id_zamowienia, id_klienta, data, id_ksiazki, ilosc, adres_dostawy, id_formatu ) VALUES ( 1571, 149, '2016-10-06','1509403455', 8, 60, 8 ); 
INSERT INTO ksiegarnia_internetowa.zamowienia( id_zamowienia, id_klienta, data, id_ksiazki, ilosc, adres_dostawy, id_formatu ) VALUES ( 1602, 93, '2016-03-27','3254257282', 19, 14, 51 ); 



CREATE TRIGGER isbn_check BEFORE INSERT OR UPDATE ON ksiegarnia_internetowa.ksiazki FOR EACH ROW EXECUTE PROCEDURE ksiegarnia_internetowa.isbn_check();

CREATE TRIGGER kod_check BEFORE INSERT OR UPDATE ON ksiegarnia_internetowa.adresy FOR EACH ROW EXECUTE PROCEDURE ksiegarnia_internetowa.kod_check();

CREATE TRIGGER nowe_zamowienie BEFORE INSERT ON ksiegarnia_internetowa.zamowienia FOR EACH ROW EXECUTE PROCEDURE ksiegarnia_internetowa.nowe_zamowienie();

CREATE TRIGGER update_zamowienie BEFORE UPDATE ON ksiegarnia_internetowa.zamowienia FOR EACH ROW EXECUTE PROCEDURE ksiegarnia_internetowa.update_zamowienie();